id,age,gender,education,neuroticism,extraversion,openness,agreeableness,conscientiousness,impulsiveness,sensation,alcohol
2,2,1,7,29,52,55,48,41,3,9,2
3,3,1,4,31,45,40,32,34,2,10,3
4,1,0,6,34,34,46,47,46,2,3,2
5,3,0,7,43,28,43,41,50,4,9,2
6,6,0,2,29,38,35,55,52,2,2,1
7,4,1,6,31,32,43,41,48,4,8,3
8,3,1,1,24,52,40,41,52,5,6,2
9,3,0,4,42,55,39,48,49,2,2,2
10,5,1,6,33,40,36,47,43,2,4,3
11,2,0,5,26,45,38,38,53,5,8,2
12,4,1,3,24,40,47,30,38,6,5,2
13,5,0,5,56,41,49,32,36,8,8,2
14,5,0,4,28,45,46,49,59,3,4,1
15,5,0,4,27,49,49,39,52,8,7,3
16,5,1,5,19,29,35,36,49,3,6,2
17,3,0,3,22,34,34,45,47,4,1,3
18,4,1,1,41,31,44,40,31,2,4,3
19,5,1,5,49,39,45,30,30,3,9,3
20,3,1,4,32,27,29,30,47,2,1,2
21,4,1,4,28,45,51,53,33,5,9,3
22,6,1,1,25,43,38,39,53,4,3,2
23,4,1,5,40,33,40,50,35,3,8,2
24,4,1,1,51,16,37,45,34,2,2,3
25,5,1,5,34,44,54,48,51,4,6,2
26,4,1,3,28,37,37,49,42,4,10,2
27,5,0,2,35,28,24,38,46,5,2,3
28,3,1,5,41,31,46,43,25,9,10,3
29,3,0,6,36,29,41,45,50,5,6,3
30,4,1,7,24,51,52,49,53,4,6,0
31,4,1,1,39,34,37,33,37,2,8,3
32,3,0,1,25,34,47,39,42,2,4,2
33,3,1,5,28,31,46,46,42,5,4,3
34,1,1,5,40,38,48,51,41,3,2,3
35,3,1,5,46,44,52,23,36,6,2,2
36,6,1,1,33,34,28,41,36,6,2,2
37,3,1,5,33,36,45,43,30,4,9,3
38,5,1,1,39,42,53,44,37,6,6,3
39,4,1,5,22,48,48,43,47,4,4,3
40,6,0,4,33,33,38,38,45,2,9,3
41,3,1,6,36,37,46,29,47,3,8,2
42,3,0,5,44,40,53,54,39,4,9,2
43,3,1,6,34,33,37,43,37,4,6,3
44,3,1,4,27,36,44,42,34,4,9,3
45,2,1,5,26,49,49,51,48,4,8,2
46,2,0,5,31,43,54,49,52,2,1,2
47,4,0,3,39,44,38,45,51,3,4,2
48,4,1,6,19,45,48,49,49,1,3,2
49,4,1,1,37,34,44,42,37,5,4,3
50,2,0,6,44,36,32,37,44,6,5,3
51,3,1,6,46,39,45,35,42,3,4,3
52,4,1,4,47,46,42,37,27,9,2,1
53,5,0,5,34,40,36,45,36,6,2,2
54,4,1,6,23,39,53,45,44,4,9,2
55,5,1,1,36,47,42,36,33,8,5,3
56,5,0,4,36,35,38,40,39,2,1,2
57,3,0,3,36,40,34,43,44,2,2,2
58,2,0,5,30,44,32,45,47,3,6,1
59,4,1,2,38,44,46,40,39,9,5,2
60,4,1,5,31,31,37,32,41,2,2,2
61,2,0,7,49,42,48,41,40,2,8,2
62,4,1,6,18,50,54,44,50,2,3,2
63,2,1,5,30,30,33,34,45,2,3,2
64,4,1,5,46,38,41,39,42,2,3,2
65,4,1,7,22,43,53,40,48,2,6,3
66,3,1,3,43,43,40,50,46,6,9,2
67,4,1,1,26,35,38,51,45,3,3,2
68,2,1,6,32,38,53,37,41,7,9,2
69,3,1,4,27,40,48,42,40,4,8,2
70,4,0,1,35,35,34,45,42,2,4,3
71,2,1,3,32,38,47,30,40,6,7,3
72,4,0,2,31,47,44,50,43,1,4,2
73,4,1,2,22,46,46,46,48,5,10,3
74,4,1,4,29,36,44,45,49,3,9,3
75,6,0,1,25,27,26,33,44,6,1,2
76,2,1,5,34,41,35,38,39,6,9,2
77,4,0,2,32,35,35,46,46,1,1,2
78,3,1,5,37,28,42,35,39,4,1,2
79,3,1,3,28,34,31,32,25,1,3,3
80,3,1,4,32,34,32,50,37,4,9,2
81,6,0,7,36,42,49,42,51,4,9,3
82,5,0,5,28,31,46,37,41,7,10,2
83,5,1,6,19,49,39,47,51,4,3,2
84,5,0,2,46,33,38,52,29,5,9,2
85,4,1,1,32,41,44,41,41,2,8,2
86,2,0,2,31,40,35,44,45,6,5,2
87,3,1,3,43,39,38,44,41,4,10,2
88,5,1,1,27,41,43,41,44,3,10,2
89,3,0,3,39,26,36,38,38,2,1,2
90,3,0,6,45,36,48,39,40,6,9,2
91,3,0,6,49,42,51,45,36,2,8,3
92,3,1,4,40,37,51,45,47,7,7,1
93,2,1,2,22,38,43,45,42,3,4,2
94,6,0,1,34,34,39,48,45,2,2,2
95,4,1,6,29,36,39,47,41,2,1,2
96,4,1,6,31,42,53,32,49,6,9,3
97,3,0,5,37,32,48,42,47,2,2,2
98,4,0,6,31,44,44,39,33,5,4,2
99,3,1,7,25,37,46,39,48,4,5,2
100,2,0,5,29,58,51,49,52,6,10,3
101,2,1,6,26,55,50,33,39,4,5,3
102,4,0,1,30,43,34,42,48,2,4,2
103,4,1,2,30,48,55,34,42,3,5,3
104,4,0,4,36,44,44,41,43,5,7,2
105,2,0,3,27,41,45,50,46,3,8,2
106,3,1,4,18,43,33,38,54,2,2,2
107,2,0,3,46,38,33,45,39,2,4,2
108,3,0,1,37,40,37,38,46,6,9,2
109,2,0,5,31,53,47,44,47,9,5,2
110,4,0,3,28,43,36,37,38,3,8,2
111,4,1,6,34,42,47,41,41,5,6,2
112,2,1,6,39,32,40,39,37,5,10,3
113,2,0,5,25,42,52,35,36,4,9,2
114,4,0,4,36,44,48,44,47,5,9,2
115,3,1,3,17,52,55,38,31,9,5,2
116,2,0,4,38,36,40,45,49,2,1,2
117,3,1,4,42,36,47,31,39,6,9,2
118,2,0,5,51,45,55,44,33,6,10,2
119,3,0,3,53,26,29,50,44,4,2,2
120,3,0,5,32,44,39,45,51,4,4,2
121,2,0,6,26,44,39,36,47,5,2,3
122,3,0,4,50,31,35,29,36,6,8,1
123,5,1,6,38,41,45,41,35,4,6,3
124,2,0,5,38,35,43,43,43,8,8,2
125,4,1,1,32,52,48,46,46,4,9,2
126,5,1,5,31,48,49,44,49,6,10,3
127,4,1,5,25,44,38,40,42,4,4,2
128,4,0,2,32,34,40,45,48,2,1,2
129,3,1,7,36,44,47,44,44,4,3,0
130,4,0,6,28,46,38,49,45,5,10,3
131,4,0,1,45,42,36,46,55,3,3,2
132,4,0,1,22,39,37,57,46,2,1,2
133,3,0,2,33,36,42,42,44,2,2,2
134,3,1,6,35,41,48,42,43,6,10,2
135,2,0,6,60,29,44,47,37,2,10,3
136,3,0,1,21,50,42,54,52,6,6,1
137,4,0,5,34,38,34,54,52,8,8,2
138,4,0,5,25,50,48,48,45,1,3,2
139,5,1,5,31,34,47,45,48,2,3,3
140,4,1,1,35,42,42,49,40,4,9,3
141,2,0,5,54,42,55,49,40,3,9,2
142,3,0,1,28,44,38,51,46,2,1,2
143,3,1,2,31,38,37,45,41,6,10,3
144,3,1,4,21,48,42,51,54,3,6,1
145,4,1,4,37,32,43,35,42,4,7,3
146,4,0,5,31,41,38,56,47,8,10,2
147,5,1,4,38,31,45,40,40,5,3,3
148,3,1,6,30,43,41,44,48,4,6,2
149,3,0,4,35,32,28,37,44,2,2,2
150,4,0,5,28,52,41,55,52,4,3,2
151,3,0,3,33,48,47,47,49,5,8,2
152,3,0,5,41,28,33,46,35,3,4,2
153,2,0,5,31,29,41,39,37,1,2,2
154,2,1,5,29,46,34,48,47,4,6,3
155,1,0,3,59,30,51,40,46,4,7,2
156,3,0,5,42,30,37,45,40,3,4,2
157,3,0,3,48,40,44,50,43,5,6,2
158,2,1,1,26,47,33,40,47,4,7,3
159,3,0,5,33,41,44,41,45,7,5,2
160,4,0,3,31,36,42,44,44,4,3,2
161,4,1,6,46,45,49,42,44,4,10,2
162,3,1,5,29,42,40,54,39,3,3,2
163,2,0,5,38,40,45,53,48,2,9,2
164,2,0,3,53,40,44,49,43,4,4,2
165,2,0,7,37,42,35,52,49,2,6,2
166,4,1,6,33,38,44,40,52,2,4,3
167,1,1,3,50,31,51,27,27,7,8,2
168,2,0,4,36,40,39,40,48,6,6,1
169,2,0,5,38,48,37,41,33,6,10,2
170,1,0,2,32,40,36,47,41,3,10,2
171,4,1,1,49,38,44,44,41,7,10,1
172,3,1,6,32,46,58,48,36,8,2,3
173,4,0,4,41,36,43,40,47,5,3,2
174,3,0,5,46,44,54,44,44,6,10,3
175,3,0,4,46,36,30,48,30,7,8,3
176,5,0,5,42,40,49,51,43,5,8,2
177,3,0,5,34,36,40,35,38,2,3,2
178,3,0,5,50,40,37,37,49,3,6,2
179,4,0,5,44,33,43,48,41,5,9,2
180,3,0,4,40,39,39,50,37,2,3,2
181,4,0,4,39,44,35,45,48,5,8,2
182,2,1,7,24,37,44,47,48,3,3,2
183,3,0,3,39,45,44,51,47,2,3,2
184,1,0,5,54,37,48,38,48,3,10,3
185,5,1,2,36,34,39,47,44,2,3,3
186,3,0,5,39,44,46,48,41,4,6,2
187,3,0,6,29,49,47,45,53,2,2,3
188,5,0,1,28,34,32,50,46,2,2,2
189,4,0,1,40,30,31,47,40,2,1,2
190,1,0,6,32,40,43,44,47,3,4,2
191,5,0,4,23,40,40,47,40,3,2,2
192,1,1,5,32,48,38,47,38,6,8,2
193,2,0,4,28,38,45,45,38,7,8,2
194,4,0,5,39,32,43,44,43,2,8,2
195,2,0,5,27,48,46,43,45,3,3,2
196,5,0,5,42,42,51,41,48,6,8,2
197,1,1,5,30,42,42,51,35,5,3,2
198,5,0,5,32,43,41,37,38,3,4,2
199,2,0,4,35,43,50,48,42,9,5,3
200,4,0,4,31,54,51,54,50,6,8,2
201,1,0,5,30,41,40,50,51,6,5,3
202,3,1,6,34,33,42,34,50,3,4,2
203,3,0,5,29,48,43,49,49,5,4,3
204,6,1,1,22,32,29,37,37,2,1,2
205,2,0,5,34,46,54,43,44,4,10,2
206,3,0,1,34,47,48,37,34,9,10,2
207,1,0,5,35,48,50,44,45,7,8,2
208,3,0,4,29,43,42,47,41,4,10,2
209,3,0,5,37,40,45,41,42,6,5,2
210,2,1,6,23,43,53,40,49,2,4,0
211,2,0,3,43,41,36,43,32,9,7,2
212,4,0,1,29,36,38,50,48,2,1,2
213,2,0,4,37,44,40,54,46,4,3,3
214,4,0,4,41,39,37,49,43,2,2,2
215,2,0,4,34,47,49,51,50,5,5,2
216,2,0,5,51,38,41,50,39,5,8,2
217,2,0,4,38,47,48,52,42,7,7,2
218,3,1,4,48,45,49,52,29,9,7,1
219,2,0,6,39,47,40,36,47,4,6,2
220,3,0,3,32,36,47,50,44,2,4,3
221,1,0,5,44,38,48,43,43,5,8,2
222,2,0,5,34,43,43,38,48,6,6,2
223,3,0,5,33,44,51,50,44,8,5,3
224,5,1,5,25,47,44,50,48,4,8,1
225,4,0,5,31,49,48,46,47,4,9,2
226,3,0,5,24,44,52,40,44,2,2,3
227,4,0,5,31,43,41,52,51,4,4,2
228,1,1,3,38,46,39,39,46,8,10,2
229,4,1,6,29,42,46,38,41,5,8,3
230,4,0,5,26,49,47,49,52,2,1,3
231,3,0,4,46,23,33,47,45,2,2,2
232,6,0,6,37,32,43,40,44,4,2,3
233,2,0,5,36,48,46,44,47,6,7,2
234,4,1,5,29,45,36,49,44,6,10,3
235,2,0,5,40,46,46,37,52,5,10,2
236,2,0,4,36,46,37,56,54,2,1,2
237,2,0,6,50,42,45,46,45,5,9,3
238,2,0,1,45,39,30,45,50,2,1,2
239,1,0,2,41,39,41,39,44,4,9,2
240,4,0,4,20,44,51,53,44,2,4,2
241,3,0,6,42,31,46,53,56,2,4,2
242,2,0,2,55,31,40,48,34,5,3,2
243,1,0,3,50,29,24,48,35,2,2,2
244,2,0,5,30,47,51,49,48,2,9,2
245,3,1,5,54,29,45,50,20,3,6,2
246,2,0,3,33,33,34,33,31,1,2,2
247,2,0,4,49,35,37,46,37,4,4,2
248,4,1,6,27,38,38,47,52,4,6,3
249,4,0,7,16,41,44,55,53,3,3,2
250,4,0,4,47,42,45,49,49,3,9,2
251,4,1,5,31,41,44,40,51,5,4,2
252,3,0,5,42,33,41,42,47,2,2,2
253,1,0,6,23,46,42,56,54,3,9,2
254,4,0,7,28,41,48,43,48,2,1,3
255,2,1,4,49,35,41,37,40,2,4,2
256,3,0,6,25,51,53,51,47,5,10,2
257,1,0,3,31,44,44,48,48,3,9,2
258,3,1,7,36,40,52,25,40,3,8,2
259,6,1,7,41,39,43,33,53,3,2,2
260,6,1,4,26,38,48,46,47,4,6,3
261,4,0,4,31,46,58,37,42,9,5,2
262,5,1,5,29,37,51,43,41,9,8,1
263,4,1,6,27,45,44,49,44,2,2,2
264,5,0,1,26,40,46,53,49,3,2,2
265,1,0,5,31,41,46,47,46,2,3,2
266,3,0,5,33,40,43,43,42,3,1,1
267,5,1,5,25,39,45,45,47,4,8,3
268,3,1,4,27,49,37,40,42,4,8,3
269,4,0,6,26,51,50,46,54,4,6,3
270,3,0,6,27,41,40,38,43,2,1,2
271,4,0,6,17,53,56,48,47,7,10,3
272,4,0,6,43,35,49,45,31,3,7,3
273,5,1,7,26,40,46,45,42,6,4,3
274,2,0,5,38,41,38,45,44,3,9,3
275,3,1,6,38,46,47,37,46,4,7,3
276,3,0,6,40,37,47,46,52,2,9,2
277,5,1,7,27,43,42,41,38,4,6,3
278,2,1,3,26,49,53,48,41,6,8,2
279,4,0,5,33,37,44,48,42,3,6,2
280,4,1,6,24,45,48,46,45,5,6,2
281,5,1,6,35,41,51,43,35,3,4,3
282,4,0,3,36,38,30,42,41,3,4,2
283,4,0,6,35,40,47,49,48,5,10,2
284,4,1,5,27,50,47,41,47,5,10,3
285,3,1,4,25,34,51,40,44,8,9,2
286,3,1,5,27,48,41,41,44,2,9,2
287,4,0,5,38,30,45,34,41,2,1,2
288,4,1,6,39,42,43,46,35,4,9,2
289,2,1,3,42,42,41,41,42,4,2,3
290,2,0,6,19,44,41,53,49,2,3,2
291,3,0,4,27,46,40,52,48,2,2,0
292,3,0,3,42,32,49,38,39,2,6,2
293,4,0,4,35,39,42,39,45,3,6,2
295,2,0,4,47,40,45,38,39,5,9,2
296,1,0,2,32,43,45,39,41,3,4,2
297,3,1,4,49,37,47,43,42,3,6,2
298,6,0,1,44,34,47,42,49,4,6,0
300,3,0,5,37,38,36,53,45,4,2,2
301,3,0,4,44,33,45,46,46,3,4,2
302,2,0,3,33,37,35,44,46,2,2,2
303,3,0,7,41,37,41,47,48,3,4,3
304,5,0,4,34,44,46,38,39,4,8,3
305,4,0,5,32,40,37,42,48,4,3,3
306,4,0,5,26,22,37,53,43,3,2,2
307,3,1,6,38,31,40,36,47,2,4,2
308,4,1,6,31,36,41,50,47,3,6,2
309,3,0,2,21,45,45,43,52,5,8,2
310,3,1,6,28,41,45,47,45,2,1,3
311,4,0,5,24,39,40,44,46,2,2,2
312,1,0,1,47,36,32,41,41,9,7,2
313,4,0,6,32,40,43,45,43,2,6,3
314,2,0,6,36,51,48,47,50,5,6,2
315,1,0,2,30,41,41,44,41,3,3,2
316,4,0,7,28,45,50,43,45,3,6,2
317,5,0,5,31,45,53,40,36,9,10,2
318,3,1,5,28,52,39,43,49,3,6,2
319,2,0,4,36,40,41,45,48,2,3,1
320,4,0,1,39,38,37,42,46,7,10,2
321,4,0,5,43,38,42,36,41,2,3,2
322,3,0,3,41,38,39,54,52,2,1,2
323,1,0,5,28,43,49,49,43,4,10,2
324,4,1,2,45,32,34,45,36,3,8,3
325,2,0,7,38,40,55,37,48,5,6,2
326,3,0,4,28,48,45,49,55,5,6,2
327,3,1,2,30,28,32,49,45,6,8,3
328,4,1,6,20,50,46,53,50,2,4,3
329,2,0,4,38,38,37,50,38,2,1,2
330,4,1,4,32,43,39,46,41,6,9,2
331,4,0,4,26,43,41,48,47,4,9,1
332,3,1,1,33,37,39,40,46,2,4,3
333,5,0,2,31,37,35,49,47,2,2,0
334,1,0,3,59,26,40,46,28,5,6,3
335,6,1,3,24,37,39,44,43,8,9,2
336,6,0,1,34,39,36,34,42,4,7,2
337,2,0,6,40,36,50,46,34,9,7,3
338,4,0,6,42,41,45,43,50,4,4,2
339,4,0,4,30,42,53,31,45,9,10,2
340,3,1,7,20,48,48,48,51,4,10,3
341,4,0,4,34,38,42,49,47,2,9,2
342,3,0,6,31,47,52,45,45,1,9,2
343,5,0,4,21,46,44,49,53,1,2,2
344,5,0,4,42,40,46,42,46,5,6,1
345,1,0,1,38,39,46,42,39,7,4,2
346,3,0,6,20,41,55,54,49,3,4,1
347,3,0,5,36,43,45,49,44,5,9,1
348,4,0,5,34,51,56,57,44,9,5,3
349,4,1,6,27,45,46,43,45,2,2,1
350,4,1,4,30,42,43,42,44,4,3,3
351,4,1,5,41,35,42,44,41,4,10,2
352,3,0,3,46,36,52,51,37,7,9,2
353,3,1,4,40,41,46,40,38,4,10,2
354,4,1,5,34,35,49,48,31,5,9,1
355,2,1,1,31,40,45,39,45,6,4,1
356,3,1,4,38,39,46,45,40,3,10,1
357,2,1,1,42,40,54,54,48,9,2,3
358,4,1,5,25,39,37,52,45,3,8,3
359,3,1,1,57,31,39,31,29,9,2,2
360,3,1,3,40,34,52,44,39,6,9,1
361,2,0,3,30,50,50,44,45,8,2,2
362,4,0,5,41,45,46,44,41,4,8,1
363,3,0,4,42,44,53,49,50,7,10,2
364,4,1,5,40,42,45,47,45,3,6,1
365,4,0,4,48,39,37,48,45,2,1,2
366,3,0,7,40,39,47,43,38,4,9,2
367,4,1,4,34,40,42,40,32,2,2,2
368,3,0,5,26,43,45,42,46,2,3,0
369,4,0,5,25,43,48,46,44,5,9,2
370,2,1,4,35,33,34,44,47,4,4,3
371,2,0,5,48,42,48,48,37,5,9,2
372,1,1,2,38,42,47,37,40,3,8,2
373,3,0,5,46,54,56,34,45,8,2,2
374,1,0,3,45,46,38,47,44,4,10,2
375,4,1,5,32,27,51,37,43,4,6,3
376,5,0,6,33,48,52,53,49,3,3,3
377,6,1,4,37,41,48,34,51,2,4,3
378,4,0,6,27,40,41,44,48,3,10,2
379,2,0,5,31,36,34,46,38,3,3,2
380,2,1,6,44,33,50,47,47,6,9,0
381,4,0,4,44,37,51,43,44,4,9,3
382,3,1,5,31,47,44,39,43,5,7,1
383,3,1,1,32,36,38,37,36,8,6,2
384,3,0,6,28,41,45,41,47,5,10,2
385,4,0,5,37,38,43,50,47,1,6,2
386,4,0,5,33,41,39,48,46,5,2,1
387,2,1,4,30,37,29,44,39,3,9,2
388,4,1,2,19,43,38,53,46,3,6,2
389,2,1,5,24,42,42,34,54,3,8,0
390,3,1,4,37,38,47,42,40,4,4,2
391,2,1,7,30,42,45,44,46,2,2,2
392,3,0,3,29,37,48,44,42,5,4,1
393,2,0,5,42,40,47,45,43,3,6,2
394,3,0,2,31,42,42,43,49,3,3,2
395,2,0,4,28,39,30,39,51,2,1,3
396,2,1,4,23,44,45,38,53,6,10,3
397,3,1,5,38,48,43,33,36,9,5,3
398,3,0,5,20,44,39,41,46,4,6,3
399,4,1,4,37,43,40,33,45,8,5,3
400,2,0,6,28,42,48,34,48,7,6,3
401,4,1,6,27,48,55,49,46,3,3,1
402,2,0,2,34,39,32,47,47,3,4,2
403,4,1,1,37,32,43,32,37,9,5,2
404,1,1,3,27,35,44,39,32,6,10,2
405,1,1,5,23,44,44,38,39,2,6,2
406,4,1,2,45,39,45,42,44,7,8,2
407,1,0,1,37,50,57,51,42,8,7,2
408,4,0,5,53,33,56,43,39,5,10,2
409,3,1,2,49,39,44,41,37,4,8,3
410,2,1,5,29,41,50,44,40,5,2,2
411,3,0,4,22,45,51,45,46,4,10,1
412,4,1,2,46,30,49,49,31,7,10,2
413,3,0,3,31,29,48,44,29,4,4,2
414,2,0,5,37,47,39,46,40,3,6,3
415,3,1,3,36,39,51,44,39,4,9,2
416,3,0,3,20,42,38,42,37,5,9,3
417,1,1,2,30,32,42,29,56,4,7,3
418,1,1,3,35,35,48,28,32,5,7,2
419,2,1,3,28,46,47,36,37,8,2,2
420,2,0,7,39,40,53,40,45,4,9,3
421,2,1,5,42,41,45,41,43,5,6,3
422,1,1,2,39,45,46,37,49,6,7,2
423,2,1,3,39,27,36,41,39,6,4,2
424,3,1,4,28,39,46,54,37,4,3,2
425,3,0,5,26,45,41,51,48,4,4,3
426,4,0,7,41,40,56,49,42,8,10,2
427,3,1,5,32,38,47,41,29,4,4,3
428,4,1,1,38,40,44,42,42,6,9,2
429,3,1,5,42,34,45,34,41,7,8,3
430,2,0,2,27,39,31,45,47,2,2,2
431,2,1,1,38,33,36,38,40,4,9,2
432,2,0,2,36,42,39,49,34,5,9,2
433,2,1,5,33,38,34,45,43,3,3,2
434,4,0,1,38,52,38,51,41,9,7,3
435,1,0,5,34,46,35,56,52,4,6,2
436,2,0,5,36,43,38,47,53,3,6,2
437,5,1,3,29,38,53,54,47,2,3,1
438,4,1,1,23,43,48,37,45,6,10,3
439,2,0,5,59,37,40,31,26,7,8,2
440,1,0,3,49,38,48,42,28,5,9,2
441,3,0,5,31,43,42,48,53,4,6,3
442,1,0,3,29,49,31,43,46,6,8,2
443,2,0,6,27,40,48,42,42,5,8,2
444,3,1,1,40,44,41,38,40,4,9,2
445,4,0,4,31,45,50,44,47,1,4,2
446,4,0,5,46,33,42,37,45,4,2,2
447,2,0,5,38,32,49,58,37,3,10,3
448,2,1,6,36,39,40,38,33,8,8,3
449,1,0,3,47,49,53,31,35,8,5,2
450,1,1,5,32,44,49,41,47,4,8,2
451,1,0,5,43,39,40,47,34,6,8,2
452,1,0,6,25,45,40,42,47,5,6,2
453,3,0,5,34,39,47,44,48,2,8,2
454,2,1,5,48,27,44,44,45,2,9,2
455,4,1,7,34,36,52,38,40,9,7,3
456,1,0,5,44,34,51,38,22,7,9,3
457,3,1,5,51,37,48,28,37,7,10,3
458,3,0,6,31,36,47,47,47,2,1,2
459,1,0,5,42,40,47,47,43,4,8,3
460,2,1,6,45,48,57,26,39,6,8,2
461,1,0,5,48,30,54,31,44,7,8,3
462,1,1,3,50,30,28,54,32,6,3,2
463,3,1,3,44,43,55,44,24,8,5,2
464,4,1,2,46,33,42,52,32,4,10,3
465,1,0,5,39,34,53,48,48,5,9,2
466,1,0,6,49,32,46,40,39,8,7,2
467,1,0,5,39,44,53,50,40,3,7,0
468,4,1,5,38,40,54,43,51,4,9,3
469,3,1,5,35,41,41,41,43,2,3,3
470,2,1,5,25,51,55,48,42,7,5,2
471,4,0,1,59,28,36,53,26,4,8,2
472,1,0,5,37,45,48,42,47,3,4,2
473,1,1,6,27,55,53,50,55,4,10,2
474,1,0,1,39,40,45,51,42,5,9,2
475,3,0,3,49,40,43,38,38,7,9,1
476,5,0,5,33,46,47,42,45,2,1,3
477,4,0,5,25,46,43,48,48,3,4,2
478,3,1,5,52,33,50,31,39,5,4,3
479,3,0,4,50,35,41,35,32,8,7,3
480,2,0,5,40,45,44,49,46,4,8,3
481,2,0,6,40,37,55,52,44,5,10,3
482,1,1,3,47,34,45,34,37,2,4,2
483,3,0,5,46,41,48,42,46,5,10,3
484,3,1,3,29,39,48,44,52,3,9,0
485,2,0,5,48,43,55,45,48,5,4,1
486,3,0,1,30,46,42,48,40,2,3,2
487,4,0,1,31,42,35,50,36,2,4,3
488,2,1,2,50,28,53,38,31,3,3,2
489,3,0,2,53,27,54,36,44,5,6,2
490,2,1,1,40,30,47,48,39,4,5,3
491,1,1,1,54,30,48,30,29,4,8,2
492,1,1,3,26,47,52,34,31,3,5,2
493,4,0,4,42,45,49,41,36,8,2,2
494,1,1,2,27,43,49,47,42,5,10,3
495,1,1,4,41,36,52,43,44,7,7,2
496,1,1,3,43,28,52,35,29,2,6,3
497,1,1,4,25,37,49,47,43,2,9,2
498,5,1,3,28,41,50,47,48,2,6,2
499,2,1,6,36,48,60,39,42,3,8,3
500,2,1,1,35,36,52,46,36,4,8,2
501,5,0,3,49,35,55,42,27,7,5,2
502,3,0,4,36,43,40,38,49,6,7,2
503,2,0,4,30,39,36,43,39,7,1,2
504,1,1,3,22,44,44,39,40,6,7,2
505,5,0,4,36,38,44,38,46,8,7,1
506,3,1,1,35,40,44,43,45,2,3,1
507,4,1,4,40,43,48,36,33,7,8,2
508,3,1,5,31,44,52,38,46,5,8,2
509,2,1,5,37,38,39,34,42,5,6,2
510,3,1,1,50,32,38,31,36,3,8,2
511,3,0,6,26,47,44,45,43,2,6,2
512,3,1,5,36,46,42,41,39,6,9,2
513,4,0,6,40,43,45,42,44,4,3,2
514,1,1,3,40,43,50,44,34,9,10,3
515,5,1,1,34,38,45,48,45,4,9,2
516,3,1,1,45,38,35,40,40,4,9,3
517,1,0,2,23,52,49,44,44,7,2,2
518,3,0,1,34,41,41,32,44,4,6,3
519,2,0,6,39,39,48,40,48,3,9,1
520,2,1,4,41,36,47,42,36,6,5,1
521,2,1,6,34,42,37,50,53,6,5,2
522,3,0,5,38,38,39,38,48,2,1,2
523,4,0,1,42,38,40,40,43,3,3,2
524,1,1,3,36,42,46,34,41,6,8,2
525,1,1,3,33,43,45,38,32,5,8,2
526,3,0,1,37,34,33,44,45,2,1,1
527,4,0,5,29,44,53,55,56,5,8,2
528,5,1,2,20,43,38,43,45,3,6,3
529,1,1,4,45,30,44,30,31,7,8,2
530,3,1,7,42,39,45,47,29,6,9,3
531,2,0,4,43,47,46,43,42,4,5,2
532,5,1,5,45,40,50,30,46,4,3,2
533,4,1,5,46,29,41,45,35,4,7,2
534,1,0,5,33,41,41,53,49,5,3,2
535,2,1,6,32,39,41,32,37,6,8,2
536,3,0,6,20,54,43,52,51,5,3,3
537,2,0,5,45,40,52,29,38,5,9,2
538,1,0,5,49,45,39,49,37,6,8,3
539,4,0,3,43,38,37,48,35,2,2,0
540,3,0,5,47,38,46,47,46,5,10,3
541,4,1,6,24,48,45,47,53,1,3,3
542,4,0,5,26,42,45,37,43,2,2,2
543,4,0,5,38,45,46,48,45,5,8,2
544,3,1,2,43,45,52,35,34,5,5,3
545,2,0,5,44,44,39,38,44,4,9,3
546,1,0,1,48,36,41,38,34,8,9,2
547,3,0,4,51,41,43,47,36,3,9,2
548,4,0,3,27,37,52,59,42,2,3,1
549,2,0,6,20,35,39,40,54,2,4,2
550,1,1,5,48,37,47,44,28,6,3,2
551,2,0,6,25,47,47,39,41,4,4,2
552,1,0,5,34,37,36,48,50,2,6,3
553,3,0,6,28,48,47,36,49,4,5,2
554,1,0,6,52,29,45,48,44,4,3,1
555,2,0,6,46,26,43,43,45,3,1,3
556,2,0,7,42,43,43,43,50,6,8,2
557,4,0,6,38,33,38,43,48,3,3,3
558,1,0,5,34,38,48,42,44,2,6,3
559,2,0,5,21,46,45,52,50,3,9,2
560,1,0,5,31,39,42,49,41,8,5,2
561,4,0,5,28,40,49,45,49,5,6,3
562,1,0,5,46,41,41,45,45,3,6,3
563,3,0,5,42,44,49,36,47,4,9,2
564,3,0,6,58,43,35,41,51,4,4,3
565,2,0,6,44,42,42,31,40,5,8,2
566,4,0,3,31,37,46,44,39,9,4,1
567,4,0,6,39,34,47,47,36,3,4,2
568,1,0,5,45,47,39,49,46,2,3,2
569,1,1,5,53,44,54,37,38,4,8,3
570,3,1,6,46,34,45,41,42,4,9,1
571,3,0,7,32,45,45,37,56,3,6,3
572,3,0,4,38,47,38,31,39,6,7,3
573,1,0,6,21,52,45,50,53,5,7,3
574,3,1,4,48,31,34,36,37,9,8,3
575,5,0,3,27,46,49,39,39,6,9,2
576,3,0,5,55,29,33,47,28,3,2,3
577,3,1,1,20,45,35,40,49,4,8,2
578,2,0,6,44,42,47,47,48,3,6,2
579,2,0,5,46,45,41,51,41,3,9,2
580,4,0,6,46,39,48,50,51,2,2,3
581,1,0,6,34,45,50,44,47,4,9,2
582,3,0,3,25,40,38,43,27,9,9,3
583,1,1,3,27,50,49,41,37,7,7,3
584,3,0,4,39,48,56,41,48,6,8,3
585,1,0,3,42,40,42,46,39,4,5,2
586,2,1,5,33,41,44,35,47,8,10,1
587,1,1,4,43,36,54,36,40,6,10,1
588,1,1,3,39,42,44,48,28,5,7,2
589,2,0,1,31,50,49,49,43,4,8,2
590,5,0,3,24,39,48,37,45,6,8,1
591,3,1,1,30,40,42,39,46,4,10,2
592,3,0,5,40,37,44,32,52,4,4,3
593,3,0,4,14,46,47,46,54,3,9,2
594,2,1,4,35,46,46,47,46,5,7,2
595,3,1,1,32,36,42,35,37,8,7,2
596,4,1,4,39,41,43,34,45,4,7,3
597,1,1,1,23,45,51,49,48,6,5,2
598,5,0,4,32,37,44,38,46,7,5,1
599,4,0,4,36,41,42,46,44,4,6,2
600,1,1,3,41,39,48,43,35,6,10,2
601,4,0,6,43,36,42,54,43,3,3,3
602,1,1,3,46,47,51,44,34,9,5,2
603,1,1,3,41,28,38,29,46,6,5,3
604,1,1,3,54,33,51,39,34,6,7,3
605,2,1,5,29,34,43,33,43,3,9,2
606,3,0,3,40,42,48,49,45,3,6,2
607,5,0,6,15,47,57,51,34,3,6,2
608,1,1,5,31,40,38,52,36,4,5,2
609,4,1,3,35,40,52,55,41,3,8,1
610,2,1,5,21,48,54,44,49,6,2,3
611,5,0,4,48,34,36,50,30,9,9,2
612,2,1,3,27,46,52,44,37,5,2,3
613,2,1,5,29,42,42,51,46,6,5,2
614,3,1,5,25,41,45,41,39,4,6,1
615,2,0,6,54,38,44,32,37,5,8,3
616,2,0,1,33,44,41,37,44,8,9,2
617,3,0,6,37,39,43,48,40,7,5,3
618,4,0,3,46,41,45,39,34,8,5,1
619,4,1,4,27,48,44,39,47,3,8,2
620,2,0,5,35,47,52,44,42,6,8,2
621,5,1,6,29,33,51,37,46,2,4,2
622,1,1,2,41,30,43,52,28,8,10,2
623,3,1,6,27,44,45,34,44,7,10,2
624,3,0,6,34,43,44,45,52,3,2,2
625,4,0,6,32,40,43,41,31,9,6,3
626,3,0,7,36,40,37,43,44,2,9,3
627,3,0,4,32,36,42,37,44,3,2,3
628,3,1,5,35,37,40,40,45,4,9,3
629,3,1,7,21,33,35,54,46,1,4,2
630,2,0,7,48,32,37,53,44,2,2,2
631,4,0,7,31,43,50,45,41,4,1,2
632,3,0,7,41,38,56,45,49,2,1,3
633,1,0,5,40,39,44,56,49,2,6,2
634,1,0,5,48,37,37,37,47,2,1,2
635,2,0,6,29,51,49,44,44,3,8,2
636,3,0,7,48,41,46,36,37,4,5,3
637,3,1,5,28,38,45,50,38,3,8,2
638,4,0,5,29,42,43,46,42,5,9,2
639,3,0,4,32,41,39,48,45,2,3,2
640,1,0,5,33,36,36,42,52,3,8,2
641,2,1,1,33,51,52,51,45,6,2,2
642,4,1,5,34,35,49,44,41,4,6,2
643,3,1,6,29,46,52,56,53,4,10,2
644,2,0,6,26,44,44,51,50,3,10,2
645,2,1,3,38,38,34,47,37,4,8,2
646,4,1,5,36,38,44,38,39,8,6,2
647,1,0,5,31,39,44,42,47,4,6,2
648,1,1,3,23,49,53,32,48,3,10,3
649,3,0,6,47,41,53,55,34,8,2,3
650,2,0,5,34,45,37,43,54,5,3,2
651,4,0,6,31,53,59,53,43,8,10,2
652,2,1,6,42,43,49,47,34,5,3,2
653,1,1,3,46,48,54,39,34,5,10,2
654,1,1,3,29,44,46,44,42,8,10,3
655,3,0,1,32,46,41,46,49,3,4,2
656,2,1,6,31,51,43,42,34,6,7,2
657,4,1,3,48,36,48,35,33,8,10,2
658,4,1,4,47,30,55,40,31,9,2,2
659,1,1,6,42,41,49,41,38,7,8,2
660,2,1,7,28,49,57,37,39,8,10,2
661,2,0,6,24,43,46,50,43,2,2,3
662,1,0,5,33,32,41,42,51,2,4,3
663,2,0,5,36,41,48,55,53,6,3,2
664,2,0,7,48,31,44,34,31,4,6,3
665,1,1,5,32,37,50,45,38,6,7,2
666,2,0,7,47,37,47,45,40,3,9,3
667,1,1,2,19,38,47,42,35,7,10,2
668,3,1,3,45,35,54,41,44,4,8,2
669,4,1,5,21,53,47,45,39,5,9,2
670,2,1,3,30,46,49,41,41,5,7,3
671,1,1,4,32,41,43,38,39,1,6,2
672,3,1,4,31,45,46,39,43,7,5,1
673,1,1,5,33,40,55,48,48,6,9,1
674,1,0,3,48,47,49,47,48,3,8,2
675,1,0,6,44,35,42,39,34,3,7,2
676,3,1,4,35,38,41,38,36,5,5,2
677,1,1,4,38,40,34,42,44,7,7,2
678,2,1,5,41,38,49,39,37,4,9,3
679,1,1,3,56,24,44,43,26,2,2,0
680,1,0,3,42,38,42,35,51,3,5,2
681,4,1,7,38,34,45,43,26,3,1,3
682,3,1,3,24,40,37,39,43,7,7,3
683,2,1,6,49,27,49,45,46,2,4,3
684,3,0,5,41,39,43,42,37,2,6,2
685,3,0,4,45,35,54,35,30,8,2,2
686,2,1,5,32,41,51,40,36,7,10,3
687,1,0,3,51,46,55,41,35,7,5,2
688,4,0,1,27,44,39,49,44,2,1,2
689,3,1,3,46,47,44,35,46,7,5,1
690,5,0,6,44,35,43,43,41,9,10,3
691,5,1,3,40,35,36,33,41,6,6,3
692,2,0,5,34,39,39,44,45,3,6,2
693,4,0,6,38,35,44,41,38,3,4,3
694,3,1,6,25,38,47,46,46,2,4,3
695,3,1,4,27,36,43,39,40,5,9,2
696,3,0,6,34,37,46,51,53,3,3,3
697,5,1,5,28,42,49,33,51,4,8,2
698,4,0,5,21,38,53,53,42,3,8,2
699,3,1,5,35,33,52,43,37,4,6,3
700,5,1,3,34,32,41,45,34,4,10,3
701,3,0,3,45,41,49,37,43,8,5,2
702,4,1,1,26,47,49,48,49,3,10,1
703,3,0,5,32,44,50,41,42,7,7,2
704,5,1,5,23,45,45,37,41,3,8,3
705,3,1,3,28,38,42,39,44,3,6,3
706,1,1,3,23,42,53,55,43,3,9,2
707,1,0,5,34,33,36,40,44,6,4,2
708,2,1,5,35,52,48,42,38,6,10,2
709,1,1,3,40,36,43,48,49,2,6,2
710,1,1,4,27,38,41,47,45,3,2,2
711,1,1,5,45,41,50,39,32,5,5,2
712,1,1,3,30,39,40,50,45,2,4,2
713,2,0,6,41,42,51,44,49,4,6,2
714,1,1,5,41,45,52,54,42,7,7,3
715,1,1,4,43,47,49,36,40,7,2,2
716,1,0,3,42,43,53,54,44,4,10,2
717,1,1,3,35,29,37,39,28,8,4,2
718,3,1,5,28,34,44,44,44,3,4,2
719,1,1,1,35,31,41,39,40,9,5,2
720,5,1,5,32,33,41,40,39,6,10,2
721,3,1,3,48,45,52,42,49,7,7,3
722,3,0,4,51,35,48,48,43,3,4,2
723,5,1,4,35,38,46,39,39,2,3,1
724,2,0,5,27,49,48,49,46,5,6,2
725,3,0,3,47,36,51,48,39,5,9,2
726,2,0,6,39,44,51,53,44,4,2,2
727,1,1,4,56,33,51,35,38,3,6,3
728,2,0,6,39,44,42,44,41,5,9,2
729,1,1,3,23,41,51,41,30,5,8,2
730,2,0,1,30,42,47,39,43,8,7,3
731,3,0,5,43,40,39,43,42,4,3,2
732,1,1,3,28,48,44,42,38,5,10,2
733,1,0,5,48,44,51,42,42,3,9,3
734,3,1,1,42,41,48,41,40,4,6,2
735,1,1,3,43,47,55,33,28,7,7,3
736,2,0,5,38,53,59,53,37,8,5,2
737,2,1,5,31,27,26,33,33,2,8,3
738,2,1,5,26,51,46,44,55,6,5,2
739,1,0,2,48,41,55,51,46,3,10,2
740,2,1,6,35,30,49,40,38,5,7,3
741,3,1,3,24,41,50,51,37,7,8,2
743,4,0,6,44,38,48,48,52,6,10,3
744,3,0,5,42,41,41,37,35,2,3,2
745,2,1,1,32,40,42,37,47,6,10,1
746,4,1,3,27,41,46,47,30,8,9,2
747,2,0,1,43,42,38,46,39,3,9,3
748,2,0,6,35,43,49,45,45,3,9,2
749,3,0,1,40,36,36,43,28,5,9,1
750,3,0,7,21,46,39,53,54,4,6,2
751,3,1,6,34,40,46,50,41,4,10,2
752,2,0,4,17,49,33,50,50,4,4,3
753,2,1,3,51,38,53,52,28,9,8,3
754,2,0,6,40,47,42,51,45,5,10,2
755,2,1,7,27,43,55,50,38,5,8,2
756,1,1,3,23,50,56,48,56,3,3,2
757,1,0,6,42,42,42,44,47,4,9,2
758,1,0,3,56,37,45,48,25,8,10,3
759,1,1,3,40,44,46,42,40,6,5,2
760,1,1,7,14,51,50,50,44,3,10,3
761,2,1,5,36,33,40,40,37,5,5,3
762,1,1,3,52,42,38,40,23,10,9,3
763,2,0,5,24,45,55,50,43,4,10,3
764,1,0,5,47,45,50,49,30,7,4,2
765,1,1,1,40,33,53,47,34,6,7,2
766,1,1,3,42,41,58,48,42,5,5,2
767,1,1,3,46,34,48,56,37,6,8,3
768,2,1,6,44,35,47,38,40,3,8,3
769,1,0,4,32,44,47,41,47,8,6,2
770,2,1,5,46,41,50,46,47,2,7,3
771,1,1,3,42,28,37,43,35,9,5,2
772,1,0,6,41,30,33,49,44,6,4,0
773,4,1,5,48,30,43,39,28,5,10,3
774,4,0,4,46,31,44,41,38,4,9,1
775,1,1,2,25,37,50,45,42,3,9,2
776,1,0,3,21,43,52,41,28,5,10,2
777,2,1,3,37,37,40,41,42,3,2,2
778,1,1,3,41,44,51,39,38,5,8,3
779,1,1,3,54,40,58,40,37,7,7,2
780,4,1,2,18,47,44,47,39,5,6,2
781,1,0,4,46,24,45,46,42,2,4,2
782,3,1,4,46,33,40,34,36,5,7,3
783,1,1,3,47,31,48,43,33,9,2,2
784,1,0,3,44,37,52,46,38,6,5,3
785,1,0,3,33,43,52,43,49,4,5,3
786,1,1,6,49,34,52,43,44,4,7,2
787,1,1,4,30,40,47,41,29,7,7,2
788,3,1,4,44,36,47,38,43,8,8,3
789,1,1,4,21,48,42,39,33,9,7,2
790,1,1,3,19,41,51,44,47,5,5,2
791,1,1,5,34,37,52,39,36,8,7,2
792,1,1,3,42,39,50,32,41,8,2,2
793,1,1,3,44,44,48,36,31,3,9,2
794,2,1,3,36,53,44,39,42,8,8,2
795,2,1,5,35,36,54,51,38,5,7,3
796,1,1,3,47,36,44,39,49,3,9,2
797,1,1,3,40,33,44,46,41,4,7,2
798,1,0,5,30,45,49,47,50,3,7,2
799,2,0,3,37,47,51,41,47,4,5,3
800,3,0,3,48,44,55,46,37,9,6,2
801,1,1,3,25,41,46,46,54,4,9,2
802,2,1,3,41,37,45,47,34,6,10,2
803,1,1,2,31,42,47,38,37,7,5,2
804,4,0,5,37,33,39,48,40,2,5,3
805,2,1,3,41,32,43,49,42,4,8,2
806,1,0,5,54,29,55,31,45,6,8,3
807,2,1,3,33,41,44,40,35,8,7,1
808,1,1,2,32,45,51,47,35,9,5,2
809,1,0,3,46,45,53,36,38,7,5,3
810,1,1,5,40,26,39,48,30,2,4,2
811,1,1,4,21,34,37,54,41,4,4,2
812,1,1,2,21,45,53,37,39,3,8,2
813,4,0,5,48,51,52,30,29,7,5,3
814,1,1,3,47,35,46,34,35,8,5,2
815,2,1,5,41,36,51,32,45,4,10,2
816,1,1,3,29,40,43,37,44,6,2,2
817,1,1,3,57,42,48,37,34,9,5,2
818,1,0,3,37,33,46,46,47,4,6,2
819,4,1,7,42,41,52,57,44,3,10,2
820,2,0,6,51,34,46,41,33,5,10,2
821,1,1,3,29,51,51,44,45,7,2,2
822,1,0,5,32,42,45,42,43,7,5,2
823,1,1,3,35,47,51,40,45,4,5,3
824,1,1,3,35,41,51,45,39,7,5,2
825,1,1,3,36,38,45,29,26,8,5,2
826,1,1,5,42,24,26,49,31,3,3,2
827,1,1,5,41,44,47,36,50,4,10,3
828,1,1,3,37,49,54,35,36,6,7,2
829,1,1,5,27,43,46,38,39,5,10,3
830,2,0,7,52,43,53,47,43,2,7,2
831,1,1,3,37,44,57,51,40,2,10,2
832,1,1,4,39,37,41,49,41,5,9,3
833,1,1,3,45,34,47,47,41,4,7,2
834,2,0,6,37,33,55,44,46,6,2,3
835,4,0,7,36,41,46,38,36,7,7,3
836,2,0,6,44,35,46,41,46,4,4,2
837,1,1,5,41,33,43,42,41,4,8,3
838,1,1,5,21,41,46,41,30,5,8,2
839,4,1,6,32,42,47,35,44,5,10,2
840,1,1,3,21,51,50,46,48,8,8,2
841,1,1,2,43,40,58,44,30,8,7,3
842,2,1,5,38,30,50,24,42,7,5,2
843,1,1,3,30,39,52,40,32,9,7,2
844,1,1,3,29,40,48,54,50,4,6,2
845,2,0,3,41,37,47,36,40,2,8,3
846,1,0,3,39,45,53,50,38,5,10,2
847,3,1,3,45,28,36,42,44,2,2,3
848,1,0,4,41,37,35,50,37,5,6,1
849,2,1,5,42,37,48,30,35,6,7,2
850,1,1,2,41,44,53,36,39,8,5,3
851,5,1,6,21,40,54,51,45,5,8,2
852,1,1,6,40,33,49,41,45,5,10,2
853,1,1,3,28,49,55,49,43,6,8,0
854,2,1,5,43,41,36,35,32,5,5,1
855,1,1,3,36,40,55,44,40,5,8,2
856,1,0,3,32,41,46,42,34,8,7,2
857,1,1,1,41,45,50,36,33,6,5,2
858,2,1,3,26,43,57,53,45,4,8,1
859,1,1,4,41,48,45,47,54,7,5,2
860,2,1,2,49,34,43,30,29,5,6,2
861,1,1,3,26,54,53,42,48,7,7,2
862,1,0,3,46,31,53,36,32,10,10,2
863,2,1,3,42,45,53,40,28,8,7,3
864,1,1,5,36,39,45,39,39,9,5,3
865,1,1,3,20,48,58,48,48,3,8,0
866,1,1,3,51,36,45,32,37,3,7,3
867,1,0,3,34,47,42,39,36,7,8,2
868,1,1,3,40,32,50,47,36,5,9,2
869,1,0,3,35,48,55,48,54,6,5,3
870,1,0,3,24,42,51,49,52,3,10,2
871,4,1,4,51,35,52,41,28,8,2,2
872,2,1,5,45,34,53,40,49,7,2,3
873,1,1,6,38,50,47,32,34,6,10,2
874,2,0,6,29,37,46,47,40,3,4,2
875,1,0,3,50,27,47,38,23,3,1,2
876,2,0,6,38,32,42,45,34,6,9,2
877,1,0,3,43,42,55,43,36,9,2,2
878,3,1,4,48,24,51,30,39,10,7,2
879,2,1,3,27,43,51,46,25,9,2,2
880,1,0,5,30,49,52,43,43,7,10,2
881,2,1,6,48,40,44,42,41,8,7,3
882,1,0,1,42,39,52,40,31,5,2,2
883,3,1,3,51,32,48,39,36,9,10,2
884,2,0,3,25,49,54,37,41,6,5,1
885,1,1,3,36,48,51,45,37,5,7,3
886,1,1,3,50,40,48,48,41,4,7,2
887,2,1,3,46,19,47,43,41,5,8,2
888,1,1,5,40,37,47,41,42,7,10,2
889,1,1,5,31,55,51,52,43,5,5,3
890,1,0,3,26,49,56,54,36,5,6,2
891,1,0,3,40,45,54,50,46,3,8,2
892,1,1,3,37,46,53,47,46,3,7,2
893,2,1,3,22,53,52,43,48,4,10,2
894,2,1,3,37,37,33,27,41,6,7,2
895,2,1,3,46,29,48,18,30,8,2,2
896,2,0,2,60,24,40,36,24,6,3,3
897,1,1,3,23,27,46,27,40,6,7,2
898,1,0,4,20,38,47,44,37,3,8,2
899,2,1,6,28,47,45,44,45,4,8,2
900,2,1,5,53,38,43,40,34,9,2,3
901,1,0,3,53,33,39,37,34,10,2,3
902,1,1,5,15,51,35,12,41,6,5,2
903,1,1,3,36,33,49,39,35,6,5,2
904,2,0,6,38,35,48,39,33,6,10,3
905,1,1,2,35,46,46,46,37,7,5,2
906,3,0,5,46,38,53,36,45,2,4,3
907,1,1,3,49,39,45,27,33,7,10,1
908,2,1,4,40,42,47,43,54,3,6,2
909,3,1,5,24,42,41,34,45,6,5,2
910,1,1,3,33,40,44,48,36,2,2,2
911,1,1,5,37,44,46,34,42,7,7,2
912,2,0,3,49,43,53,37,28,9,5,3
913,1,0,3,55,19,32,43,31,6,4,2
914,1,1,3,43,30,41,34,36,4,7,2
915,3,1,5,39,29,34,32,47,3,10,2
916,1,0,3,25,54,54,49,48,5,7,2
917,2,0,2,56,20,42,28,19,9,5,2
918,1,1,2,38,40,46,40,48,3,9,3
919,2,1,1,40,39,45,42,38,5,7,2
920,1,0,3,52,28,45,53,45,6,5,2
921,1,1,2,38,49,58,41,34,9,2,3
922,3,1,6,33,38,41,38,43,8,8,2
923,1,1,3,25,43,53,34,45,4,5,3
924,1,1,1,37,38,46,46,33,4,10,2
925,1,1,3,25,30,41,35,33,5,9,2
926,2,1,2,48,31,29,36,36,8,9,2
927,1,1,1,46,29,48,44,35,6,8,2
928,1,1,4,28,48,50,50,37,4,7,2
929,2,1,3,38,31,52,38,40,4,7,2
930,2,1,3,30,49,56,53,46,5,5,2
931,1,0,3,33,46,51,45,40,6,8,2
932,3,1,1,29,35,42,44,37,2,4,2
933,2,0,5,43,35,54,49,45,6,7,2
934,1,0,2,47,26,46,50,36,4,2,2
935,1,0,5,33,40,53,47,54,3,6,2
936,1,0,3,24,47,54,45,36,9,2,2
937,1,0,3,56,35,48,44,36,6,7,2
938,1,1,4,40,48,53,43,39,6,8,2
939,1,1,3,35,42,50,47,35,7,5,3
940,1,0,5,39,42,46,39,47,3,10,2
941,1,1,3,40,37,53,33,41,4,7,3
942,2,0,2,45,48,53,38,51,5,10,2
943,2,1,4,31,54,59,51,50,4,10,2
944,1,0,3,51,34,50,46,33,7,7,2
945,2,0,6,46,38,49,48,32,8,7,2
946,1,0,3,32,32,42,52,35,3,2,2
947,1,1,2,29,38,38,38,30,7,9,2
948,2,1,4,55,30,47,41,29,8,9,3
949,2,0,2,40,40,29,41,47,2,1,1
950,3,1,4,51,27,46,44,30,7,6,2
951,1,0,5,42,40,49,40,37,4,10,3
952,1,0,3,25,42,57,47,41,10,2,2
953,1,1,3,40,41,48,41,40,9,7,2
954,2,0,5,46,33,46,41,29,6,7,2
955,1,1,3,49,34,44,42,36,3,3,0
956,1,1,4,53,36,46,33,20,9,5,2
957,4,1,5,25,36,42,44,45,3,4,2
958,3,1,4,23,38,47,51,50,3,3,3
959,1,1,3,33,50,46,35,54,4,7,2
960,1,0,5,36,41,55,50,37,6,6,2
961,4,0,3,35,35,51,55,39,4,9,2
962,1,1,4,39,46,53,45,40,9,2,2
963,2,1,3,32,42,57,48,33,7,10,2
964,3,1,3,42,26,46,44,42,5,5,2
965,1,1,3,27,48,43,48,44,4,10,2
966,2,0,6,25,40,51,46,40,5,10,2
967,1,1,6,27,47,46,45,45,5,5,2
968,1,0,3,30,42,50,50,44,3,6,2
969,1,0,3,33,41,57,52,39,8,5,2
970,1,1,3,22,48,53,33,48,4,7,3
971,5,1,7,20,48,50,50,47,6,8,3
972,3,0,5,38,40,45,39,38,7,7,2
973,2,1,3,40,28,50,36,48,4,10,3
974,1,1,3,50,31,38,44,38,3,10,3
975,1,1,3,20,53,54,52,46,3,2,3
976,1,1,3,48,40,53,35,36,6,2,2
977,6,1,6,18,40,50,48,47,6,6,1
978,1,1,3,30,47,51,47,42,4,6,0
979,3,0,6,30,49,37,53,39,8,5,2
980,4,0,3,48,32,43,42,47,3,9,3
981,2,0,7,42,41,51,39,40,3,4,2
982,1,1,3,40,39,47,38,45,4,8,2
983,1,1,3,46,47,38,37,34,7,5,3
984,2,0,5,42,39,57,31,49,6,5,2
985,1,1,3,34,39,54,49,41,7,2,3
986,1,1,3,34,42,54,40,35,6,5,2
987,1,1,4,43,34,41,40,44,7,8,2
988,2,1,3,52,44,49,34,25,8,5,2
989,1,1,3,46,29,49,43,35,3,8,2
990,2,1,5,28,40,47,36,40,8,5,2
991,1,1,3,52,36,56,44,39,7,5,3
992,1,1,3,39,51,48,38,28,9,2,2
993,5,1,4,28,42,50,44,42,4,9,2
994,2,1,5,25,45,55,56,49,4,10,2
995,1,1,3,41,45,51,49,36,6,5,2
996,1,1,6,28,38,44,37,41,6,7,2
997,1,1,6,28,46,43,46,47,7,7,2
998,2,1,6,47,38,52,39,48,4,8,3
999,2,0,7,26,45,44,42,48,4,6,2
1000,1,1,3,29,43,45,44,51,3,3,2
1001,1,1,1,48,32,44,42,37,8,7,2
1002,1,1,3,35,46,37,27,35,8,2,2
1003,4,0,3,32,41,47,46,47,2,3,2
1004,1,1,3,55,27,44,33,44,2,6,2
1005,1,1,2,53,23,38,40,17,4,3,2
1006,1,1,2,44,29,33,43,29,8,5,2
1007,1,0,2,53,33,52,44,35,3,6,2
1008,1,1,3,35,41,56,49,42,5,10,2
1009,4,1,6,42,31,42,40,33,4,9,3
1010,1,0,2,48,46,49,41,40,6,10,2
1011,4,1,5,29,40,46,43,45,1,6,3
1012,1,0,3,30,49,57,51,36,5,2,3
1013,2,1,3,53,31,49,38,31,5,3,3
1014,1,1,3,42,42,47,44,41,5,7,2
1015,2,1,3,28,53,52,46,37,9,2,2
1016,4,1,5,25,44,59,48,50,2,8,1
1017,1,1,4,18,55,57,44,52,5,7,3
1018,2,1,3,39,20,40,32,22,7,8,3
1019,1,0,2,32,31,39,46,49,3,1,2
1020,2,1,2,38,50,48,33,42,4,7,0
1021,3,0,3,45,30,36,40,36,5,1,2
1022,1,1,5,37,33,53,30,47,4,6,3
1023,1,0,3,55,19,38,40,23,3,4,2
1024,1,1,2,49,39,56,37,39,4,8,2
1025,1,1,3,29,38,53,36,23,8,7,3
1026,1,0,2,39,32,49,47,37,7,8,2
1027,1,0,5,25,33,41,41,39,4,6,2
1028,4,1,7,37,42,49,37,42,5,10,1
1029,3,0,5,42,42,43,43,46,8,5,2
1030,1,0,6,32,45,50,47,50,4,2,2
1031,1,0,5,41,33,40,36,39,4,10,2
1032,1,1,3,29,42,50,50,42,5,7,2
1033,2,1,3,38,30,45,36,31,8,10,2
1034,1,1,3,38,35,47,39,40,5,10,3
1035,1,0,3,48,36,49,39,34,6,2,3
1036,1,1,4,41,43,57,43,38,6,7,3
1037,1,0,3,41,45,52,42,40,8,5,3
1038,2,1,3,19,43,50,47,47,2,4,2
1039,3,0,6,48,29,46,58,36,4,1,3
1040,1,0,3,38,34,51,56,49,6,5,2
1041,1,1,3,43,39,50,38,45,3,8,3
1042,3,0,6,42,39,32,42,34,7,10,3
1043,3,1,5,38,24,31,34,31,9,7,3
1044,2,1,3,46,36,47,49,38,7,9,2
1045,2,0,6,45,37,36,48,37,2,6,3
1046,1,1,3,43,48,55,49,35,8,5,3
1047,2,0,6,49,48,57,26,32,8,5,2
1048,1,1,3,48,31,49,43,44,2,2,2
1049,1,1,6,23,55,49,38,46,7,2,3
1050,1,1,4,25,44,46,45,38,4,6,2
1051,1,0,3,46,43,55,53,37,7,7,2
1052,2,1,7,22,39,51,30,44,5,5,2
1053,1,1,3,29,37,39,41,40,4,9,2
1054,1,1,2,48,36,35,30,26,8,2,3
1055,1,0,3,40,36,49,41,39,4,9,2
1056,2,1,1,28,48,56,39,46,5,10,3
1057,2,0,3,38,39,51,47,51,2,3,2
1058,3,0,2,39,31,38,31,31,5,10,2
1059,1,1,5,43,32,37,40,39,6,10,2
1060,1,1,3,30,39,51,49,40,3,10,2
1061,4,0,6,30,40,56,47,48,2,6,2
1062,1,0,2,33,44,36,44,47,8,8,1
1063,1,0,5,48,52,56,42,38,8,5,2
1064,2,1,3,21,39,52,33,45,4,8,2
1065,2,1,6,29,44,56,47,46,4,5,2
1066,1,1,3,13,43,54,50,33,7,7,2
1067,3,0,2,48,35,50,45,52,2,2,2
1068,3,1,5,30,35,29,41,40,1,3,2
1069,1,1,2,21,46,46,43,35,7,8,3
1070,2,0,7,27,40,53,55,54,2,9,3
1071,2,0,6,35,30,43,42,50,4,3,3
1072,1,1,6,40,40,48,39,43,7,8,2
1073,1,1,3,31,37,53,44,31,4,7,2
1074,1,0,6,51,29,45,45,39,3,2,1
1075,3,0,7,29,42,46,41,51,2,2,2
1076,3,1,2,39,35,43,40,41,5,7,3
1077,1,1,2,27,36,51,51,40,3,9,2
1078,3,0,4,40,40,39,44,41,2,3,2
1079,2,0,5,53,26,57,37,44,5,2,2
1080,4,1,4,22,46,44,40,44,4,2,2
1081,3,0,4,41,30,36,44,33,2,3,2
1082,2,0,6,39,51,45,45,46,6,7,3
1083,1,0,6,25,50,48,50,50,4,9,2
1084,1,1,6,33,43,44,45,38,4,9,2
1085,1,0,6,42,47,40,40,32,3,4,3
1086,1,0,5,35,39,49,45,45,2,9,2
1087,1,0,6,33,43,52,42,53,6,10,3
1088,3,1,4,34,39,50,46,46,3,10,3
1089,1,0,6,35,46,58,41,44,2,6,2
1090,1,0,6,41,43,46,41,44,5,6,3
1091,2,0,6,31,39,48,47,48,5,4,3
1092,2,0,5,26,49,47,50,40,2,7,3
1093,1,0,6,42,49,45,57,38,8,10,2
1094,4,0,1,31,44,38,50,43,5,6,2
1095,1,1,5,21,34,42,35,32,5,7,2
1096,2,0,5,23,51,40,39,46,7,10,3
1097,3,1,6,31,46,47,43,48,7,9,2
1098,2,1,6,47,32,40,43,43,4,1,2
1099,1,1,2,30,35,56,54,33,4,6,2
1100,2,1,3,27,40,51,44,37,7,8,2
1101,1,0,3,36,37,46,37,37,2,9,2
1102,1,0,6,24,48,48,46,46,4,10,2
1103,1,1,3,30,43,45,45,28,5,7,3
1104,1,0,5,39,39,42,41,50,3,6,2
1105,1,0,6,28,39,45,40,39,4,5,3
1106,1,0,2,26,42,57,37,28,5,7,2
1107,2,1,3,25,32,51,35,26,2,8,3
1108,2,0,7,34,38,43,56,52,2,8,2
1109,2,0,3,54,38,49,35,34,5,7,2
1110,1,1,5,47,47,53,42,38,9,2,2
1111,1,1,3,27,51,55,51,40,5,10,3
1112,4,1,3,57,29,33,44,29,7,6,2
1113,1,0,3,38,39,44,56,51,2,3,2
1114,4,1,7,40,37,50,45,32,8,8,3
1115,1,1,2,27,31,41,36,46,3,6,2
1116,1,1,3,12,43,46,51,54,4,7,2
1117,4,1,1,41,36,49,26,40,7,9,2
1118,1,1,3,45,40,54,42,31,8,10,2
1119,1,1,3,51,31,45,37,37,3,9,3
1120,2,0,5,21,55,60,50,40,6,2,3
1121,1,1,3,46,37,46,31,34,7,7,2
1122,2,1,5,26,48,49,46,47,5,9,2
1123,2,1,3,32,21,37,38,40,5,7,1
1124,1,1,1,35,26,56,43,39,3,6,2
1125,2,1,4,43,33,38,43,32,6,6,3
1126,2,1,2,26,40,29,46,42,8,8,3
1127,2,1,4,49,30,43,42,24,4,9,2
1128,5,1,2,41,37,42,32,46,4,8,2
1129,1,1,3,49,33,51,45,36,6,5,2
1130,1,1,3,46,25,41,50,32,7,10,2
1131,1,1,3,22,31,52,53,28,4,10,2
1132,1,1,3,40,41,45,43,27,8,7,3
1133,2,0,4,56,45,51,29,28,9,2,2
1134,2,1,6,42,35,47,35,40,4,9,3
1135,3,1,4,24,41,56,50,44,8,7,2
1136,1,1,6,40,48,38,37,38,9,10,2
1137,1,1,2,49,44,44,34,29,8,5,2
1138,2,0,7,35,42,40,43,45,2,4,2
1139,2,0,5,39,26,46,47,32,4,4,2
1140,2,1,3,41,31,49,16,38,9,5,3
1141,1,0,3,27,43,47,52,40,4,5,3
1142,2,0,5,51,28,51,36,30,6,5,2
1143,3,1,4,40,31,47,42,46,6,8,2
1144,1,0,3,54,26,54,52,33,4,5,3
1145,4,1,5,38,32,41,41,37,5,4,1
1146,1,1,3,51,34,41,35,25,4,8,2
1147,2,1,6,38,35,48,43,34,3,3,2
1148,2,1,5,14,37,38,33,48,4,8,2
1149,3,1,4,53,33,47,33,32,7,6,2
1150,1,1,3,37,41,47,39,37,6,2,2
1151,4,0,2,30,44,44,46,48,3,6,1
1152,2,1,3,48,37,50,50,45,5,10,2
1153,3,0,5,52,27,42,41,32,7,4,1
1154,5,0,6,39,35,41,35,40,6,2,2
1155,1,1,2,41,34,45,42,27,6,5,2
1156,1,0,6,40,41,48,48,38,5,7,3
1157,1,1,7,27,51,56,53,38,4,5,3
1158,1,0,3,38,39,44,39,45,4,6,2
1159,1,1,3,42,52,57,46,39,8,7,2
1160,4,1,4,31,40,44,35,48,3,10,2
1161,2,0,5,42,39,47,43,33,5,5,3
1162,1,1,2,44,32,36,37,43,6,7,2
1163,1,1,3,36,39,56,44,44,6,2,2
1164,2,0,7,34,33,48,49,54,3,6,2
1165,2,1,2,32,42,46,44,45,5,8,2
1166,2,1,3,44,32,49,39,49,7,9,2
1167,3,1,5,32,36,52,48,28,9,2,3
1168,2,1,5,41,33,53,41,46,4,8,2
1169,1,1,2,44,38,55,38,34,7,7,3
1170,4,1,4,40,39,45,30,34,6,10,2
1171,3,0,5,25,48,55,51,44,3,9,3
1172,3,1,3,37,36,46,38,43,3,10,2
1173,1,1,3,33,41,39,47,48,7,10,2
1174,1,0,3,40,41,55,47,46,2,8,2
1175,1,1,3,36,34,52,41,49,4,7,2
1176,2,1,6,39,34,46,37,49,9,2,3
1177,1,1,3,23,40,40,48,40,4,7,2
1178,1,1,3,44,39,46,34,35,2,8,2
1179,2,0,3,31,42,47,53,43,8,10,2
1180,2,0,6,55,43,57,24,32,9,2,2
1181,1,1,3,28,38,42,48,40,4,3,0
1182,1,1,3,34,28,48,39,40,3,10,1
1183,2,1,3,52,37,42,40,34,5,10,2
1184,2,0,4,40,37,42,56,36,6,8,3
1185,1,1,5,31,47,52,41,53,3,9,2
1186,4,1,1,34,31,45,49,44,4,7,2
1187,1,1,3,44,38,50,37,35,7,7,2
1188,1,1,3,26,44,48,47,36,9,10,3
1189,2,0,5,48,38,52,46,42,5,8,2
1190,5,0,7,32,43,49,40,42,4,8,3
1191,1,1,3,25,49,49,39,42,8,10,2
1192,1,1,6,18,42,51,54,48,3,6,2
1193,1,0,3,42,44,49,44,22,9,5,2
1194,1,1,2,51,29,49,46,33,9,5,3
1195,1,1,3,14,47,53,53,38,5,10,2
1196,3,1,5,39,41,51,36,45,6,5,2
1197,1,1,3,45,37,46,40,29,7,10,2
1198,1,1,3,41,38,42,38,38,4,7,2
1199,2,1,5,27,38,45,30,40,6,2,0
1200,2,1,1,32,21,41,43,44,2,4,2
1201,1,1,3,55,19,37,45,27,6,5,2
1202,2,0,5,37,28,49,49,29,4,4,3
1203,1,1,3,39,46,57,38,37,8,2,2
1204,1,1,3,29,45,48,36,36,4,7,3
1205,1,1,2,40,43,44,34,40,6,5,2
1206,2,1,3,44,30,49,36,33,5,7,2
1207,1,0,2,26,36,46,29,31,8,10,2
1208,4,1,5,31,50,55,52,50,4,9,2
1209,1,1,4,37,40,51,28,51,7,2,3
1210,1,1,3,22,33,50,36,39,6,10,2
1211,4,1,5,26,44,43,36,47,7,7,2
1212,1,1,3,23,47,50,39,36,7,10,2
1213,1,1,3,33,32,48,40,34,2,7,2
1214,1,0,3,45,41,50,42,26,2,10,2
1215,1,1,3,33,41,50,40,42,5,7,2
1216,3,0,4,43,43,36,37,43,8,7,3
1217,2,1,4,48,36,52,43,35,7,7,3
1218,1,1,4,34,49,55,44,31,6,7,2
1219,1,1,3,40,44,44,37,42,5,7,2
1220,2,0,6,39,48,45,38,34,5,6,2
1221,1,0,3,24,41,51,35,30,3,7,2
1222,1,0,4,46,46,48,32,35,7,10,2
1223,1,0,2,46,38,47,33,37,7,5,3
1224,1,1,3,33,44,48,40,42,8,5,2
1225,2,1,7,31,22,30,42,41,4,3,2
1226,1,0,3,45,38,46,43,39,4,9,2
1227,1,1,5,42,49,50,44,48,5,2,3
1228,2,0,5,41,44,54,42,31,6,9,2
1229,3,1,1,47,36,47,47,30,2,9,1
1230,1,1,3,26,52,54,44,46,6,10,2
1231,1,0,2,37,41,53,40,41,5,8,3
1232,1,0,5,46,31,53,29,38,8,5,3
1233,1,0,3,51,37,49,47,45,5,8,2
1234,1,1,5,43,37,50,47,41,5,10,2
1235,1,1,3,36,32,46,45,46,2,2,2
1236,5,1,6,37,44,50,41,46,4,4,2
1237,4,0,6,21,45,54,47,42,4,2,2
1238,1,1,5,36,45,52,40,50,5,6,2
1239,2,1,2,39,42,52,50,36,6,8,2
1240,1,0,5,35,41,49,34,45,6,7,3
1241,4,0,3,40,40,48,47,42,6,6,1
1242,3,0,5,46,30,43,42,35,4,6,3
1243,2,0,5,24,45,37,36,41,4,10,2
1244,4,0,5,27,26,36,52,48,2,6,2
1245,2,0,5,41,40,39,44,31,3,6,3
1246,4,0,5,24,51,46,44,54,2,4,2
1247,4,0,4,24,38,30,53,32,2,2,2
1248,5,1,5,37,36,40,40,32,6,8,3
1249,4,0,4,30,38,44,51,46,2,9,2
1250,4,0,6,31,39,55,43,48,9,7,2
1251,3,0,6,27,39,49,40,49,3,6,3
1252,4,0,7,43,39,54,40,47,6,7,3
1253,3,0,2,39,28,32,36,31,2,1,2
1254,3,0,5,32,31,32,45,40,2,3,3
1255,2,0,5,36,34,44,40,37,4,9,2
1256,4,0,5,49,35,48,52,43,2,6,3
1257,3,0,5,26,36,46,34,46,7,10,2
1258,2,0,6,50,31,41,37,42,3,6,3
1259,2,0,7,27,45,42,39,42,2,4,2
1260,4,0,6,32,34,43,35,41,9,10,2
1261,4,0,5,29,42,44,45,36,5,10,2
1262,2,0,3,50,36,53,50,36,9,8,2
1263,2,0,4,39,46,39,44,46,6,7,3
1264,4,0,5,36,39,41,45,46,3,9,3
1265,2,0,4,32,34,38,47,42,6,10,3
1266,3,0,1,28,40,38,41,44,5,9,2
1267,2,0,6,53,33,44,31,26,8,2,2
1268,3,0,4,37,32,43,47,44,2,1,3
1269,3,0,5,40,40,38,32,42,5,10,2
1270,2,0,6,35,37,43,54,44,2,6,2
1271,2,0,4,24,39,38,49,43,3,6,2
1272,5,0,5,34,39,47,48,38,7,3,3
1273,3,0,3,52,33,33,48,34,5,1,2
1274,3,1,7,52,39,52,36,39,4,9,2
1275,3,0,6,26,41,49,41,46,4,9,2
1276,4,0,4,21,35,34,44,53,3,8,2
1277,1,1,3,31,47,50,39,33,6,5,2
1278,2,0,3,35,49,58,37,38,8,5,2
1279,3,0,4,25,38,51,49,49,2,8,2
1280,1,0,5,42,41,38,45,38,6,6,2
1281,1,1,5,44,44,40,28,48,9,2,0
1282,1,1,3,24,51,48,50,45,4,9,2
1283,1,0,3,23,40,47,44,40,3,8,2
1284,1,0,3,44,25,49,35,27,9,5,2
1285,1,1,3,54,33,46,35,32,3,3,3
1286,1,1,3,20,52,60,48,44,8,5,2
1287,1,1,3,43,43,41,33,38,9,7,2
1288,3,0,5,30,43,58,40,41,7,5,3
1289,1,0,3,35,46,46,36,39,4,10,2
1290,1,1,6,31,42,52,42,47,4,8,2
1291,1,1,3,47,28,46,36,34,5,7,2
1292,2,1,4,33,45,48,41,43,9,5,2
1293,2,1,3,53,32,49,32,32,8,5,2
1294,2,0,6,43,53,54,38,51,7,2,3
1295,1,0,3,53,23,51,38,34,4,6,2
1296,1,1,3,36,36,54,48,33,3,7,2
1297,1,0,3,32,43,45,37,50,4,8,3
1298,1,1,3,32,40,50,42,38,5,5,2
1299,3,0,5,19,43,50,34,38,6,8,3
1300,2,1,3,45,39,56,44,44,6,5,2
1301,3,0,3,30,33,55,45,37,4,8,2
1302,1,0,3,38,48,47,49,49,5,4,2
1303,1,1,5,29,49,55,52,49,2,8,2
1304,3,1,5,35,36,39,39,45,2,1,2
1305,1,0,3,31,45,56,49,31,8,10,2
1306,1,1,3,58,22,53,43,23,5,4,3
1307,2,1,3,32,44,57,39,44,5,7,2
1308,2,1,6,27,31,45,38,43,4,9,3
1309,2,0,5,32,43,47,46,42,6,10,2
1310,2,0,6,23,56,51,56,44,6,2,2
1311,1,1,1,41,34,39,38,40,6,10,2
1312,1,0,3,33,42,48,46,47,4,8,3
1313,3,0,6,26,52,52,40,53,3,8,3
1314,1,0,3,24,54,29,33,31,9,5,3
1315,3,1,5,27,46,50,49,49,6,5,3
1316,1,1,5,20,47,51,41,50,4,10,1
1317,2,1,4,27,39,51,31,39,4,9,2
1318,2,0,5,36,45,34,34,46,3,6,2
1319,1,0,3,40,31,43,49,41,7,5,2
1320,3,1,5,29,38,44,42,50,4,8,3
1321,1,1,3,44,46,45,41,40,8,7,2
1322,1,0,3,31,45,58,48,40,2,4,2
1323,1,0,5,38,42,59,46,29,5,9,2
1324,3,1,3,46,30,45,45,51,3,4,1
1325,1,0,3,40,36,53,46,34,5,6,2
1326,1,1,4,42,26,48,44,38,3,5,2
1327,1,1,4,27,42,55,41,39,8,2,2
1328,1,1,3,24,38,47,51,49,5,9,2
1329,1,0,5,29,45,53,54,44,4,9,2
1330,2,0,5,53,34,54,32,33,7,10,2
1331,1,1,5,50,39,46,54,33,6,10,2
1332,3,1,5,48,32,52,44,37,3,10,1
1333,1,0,4,53,30,33,37,55,2,3,2
1334,1,1,5,40,38,49,37,44,6,10,2
1335,2,1,3,15,42,51,57,42,8,7,2
1336,4,1,5,48,31,49,37,42,3,8,2
1337,1,0,5,36,50,41,48,50,5,6,3
1338,1,0,5,37,40,43,38,47,5,9,3
1339,3,1,4,37,43,48,39,47,6,10,3
1340,1,1,4,52,26,44,40,21,8,5,2
1341,1,1,2,30,59,58,39,48,9,5,2
1342,3,1,2,43,30,39,41,38,3,10,3
1343,3,0,7,32,37,54,44,30,6,10,2
1344,1,1,4,38,44,33,36,35,7,10,2
1345,1,1,2,49,31,38,26,48,2,9,2
1346,1,1,2,44,47,56,51,44,7,5,2
1347,4,1,3,44,39,49,42,43,5,9,3
1348,1,1,5,43,27,52,40,26,4,10,2
1349,1,0,2,47,33,44,45,39,4,6,2
1350,1,0,3,26,55,48,35,32,9,7,2
1351,1,0,3,19,33,47,43,37,5,10,2
1352,1,0,5,40,36,39,42,51,2,1,2
1353,5,1,5,52,24,38,35,40,7,4,1
1354,1,0,2,30,44,54,48,43,5,8,2
1355,1,1,3,46,33,55,42,32,7,10,2
1356,1,1,5,34,42,50,49,42,8,7,2
1357,2,1,3,21,44,50,43,46,7,10,3
1358,1,1,4,40,41,44,37,45,7,10,2
1359,1,1,3,23,37,52,40,31,7,10,2
1360,1,1,3,31,28,49,36,43,4,9,2
1361,1,0,3,41,46,56,43,50,6,8,2
1362,1,0,3,26,45,56,35,24,4,7,2
1363,1,1,3,44,32,50,48,33,7,6,3
1364,2,0,6,39,36,47,47,54,4,8,2
1365,1,1,3,44,44,40,36,31,8,7,2
1366,3,0,5,35,33,48,50,35,7,9,3
1367,1,0,1,37,38,46,31,25,8,10,3
1368,1,1,2,38,27,49,46,31,2,4,2
1369,1,0,3,50,44,53,33,33,7,7,2
1370,1,1,3,40,50,53,46,40,6,5,2
1371,2,0,4,57,41,47,35,30,9,2,2
1372,2,0,6,30,37,35,48,38,2,1,3
1373,1,1,3,48,41,50,41,32,2,9,2
1374,2,1,5,47,41,44,46,36,6,7,2
1375,4,1,5,30,36,46,42,41,2,3,3
1376,1,1,2,26,51,48,48,34,5,5,2
1377,3,1,5,50,36,52,32,39,4,7,2
1378,2,0,6,42,42,43,52,48,2,6,2
1379,2,0,6,50,33,51,43,54,4,3,2
1380,1,1,3,30,43,56,42,44,7,5,2
1381,2,0,5,25,45,39,40,46,3,3,2
1382,1,1,3,26,43,53,54,50,4,5,3
1383,1,1,3,24,38,52,50,34,3,9,2
1384,1,0,5,29,42,49,48,43,8,2,2
1385,1,1,3,22,48,55,39,51,4,5,2
1386,1,0,3,33,37,44,43,46,2,3,2
1387,4,0,3,35,33,53,39,40,5,8,3
1388,2,0,7,41,42,56,39,37,4,6,0
1389,3,0,4,42,43,49,39,35,8,10,2
1390,1,1,3,34,43,52,38,44,3,9,2
1391,1,1,5,44,42,42,43,41,8,10,2
1392,1,1,3,31,53,57,39,32,9,2,2
1393,4,1,4,32,41,41,40,43,2,2,0
1394,2,0,6,49,42,45,43,45,3,4,2
1395,2,0,6,43,40,47,48,51,2,6,2
1396,2,0,5,40,39,46,48,46,4,6,2
1397,2,0,6,52,37,37,52,35,2,2,2
1398,1,0,5,30,43,52,53,46,4,10,2
1399,1,1,3,28,47,46,51,54,7,10,2
1400,2,0,5,44,34,42,40,40,3,6,2
1401,2,0,6,46,46,39,39,41,2,3,2
1402,2,0,5,42,41,47,51,45,3,3,2
1403,2,0,5,45,40,52,49,38,2,8,3
1404,2,0,5,40,40,38,44,46,2,4,2
1405,1,0,5,16,41,33,58,35,1,4,2
1406,2,0,7,51,48,50,45,36,6,3,3
1407,2,0,5,38,36,35,46,31,2,4,3
1408,2,0,6,28,45,54,51,45,5,5,2
1409,2,1,6,49,31,42,46,32,7,7,3
1410,2,0,7,18,33,41,44,38,3,7,2
1411,2,0,5,30,37,50,52,50,3,3,2
1412,2,0,5,40,38,55,41,51,4,10,2
1413,2,0,6,46,45,54,43,44,2,8,2
1414,2,0,5,46,35,44,38,47,3,4,2
1415,2,0,7,32,54,55,47,46,4,8,2
1416,1,1,1,53,30,45,31,29,7,7,2
1417,1,1,3,25,32,40,45,44,2,6,2
1418,1,0,5,45,35,41,45,42,3,6,0
1419,2,0,6,34,38,37,54,40,2,3,2
1420,1,1,3,32,45,55,47,42,5,5,3
1421,2,1,3,44,37,50,38,38,7,5,2
1422,2,1,3,34,43,51,39,44,4,5,3
1423,4,1,1,35,33,46,50,34,5,5,1
1424,1,1,5,28,51,56,46,40,5,10,2
1425,2,1,3,42,36,44,40,33,8,7,2
1426,2,0,5,33,44,54,48,46,5,5,3
1427,3,1,4,39,42,45,42,42,8,10,2
1428,1,0,4,36,40,45,45,53,7,10,3
1429,1,1,3,27,51,50,34,49,6,5,2
1430,1,0,3,43,38,41,46,35,4,9,2
1431,1,1,3,33,49,55,39,41,7,5,3
1432,1,0,3,48,47,42,28,37,9,10,3
1433,4,0,7,26,31,41,40,46,3,2,3
1434,2,0,6,39,33,42,58,51,2,3,2
1435,2,0,6,40,30,38,47,44,2,1,1
1436,5,0,6,28,40,47,45,47,6,6,3
1437,5,0,4,28,36,48,45,33,9,10,2
1438,1,1,1,48,37,48,46,41,3,5,2
1439,1,1,3,20,47,51,37,49,3,8,2
1440,1,1,3,29,44,46,35,36,4,7,3
1441,3,0,6,34,40,40,48,45,2,3,3
1442,4,0,6,25,39,47,52,50,3,3,3
1443,2,0,6,46,33,41,51,48,2,2,1
1444,3,0,7,31,46,51,49,46,3,3,3
1445,3,0,6,29,37,38,54,48,3,4,3
1446,4,0,6,23,41,48,49,49,2,3,2
1447,2,0,6,29,46,48,50,54,5,4,2
1448,2,0,6,36,44,38,39,53,4,8,2
1449,2,0,5,25,49,50,51,52,6,7,2
1450,1,0,6,30,41,40,47,47,4,9,0
1451,2,0,6,26,47,52,36,51,4,6,2
1452,2,0,7,26,36,46,50,53,2,9,2
1453,1,1,3,40,37,58,30,55,8,2,2
1454,1,0,5,39,41,35,46,49,2,3,2
1455,2,0,7,31,40,45,48,47,3,6,2
1456,1,1,4,43,35,55,55,39,3,2,2
1457,4,0,6,19,44,47,52,52,3,4,2
1458,2,0,7,41,32,43,54,45,2,10,2
1459,2,0,5,24,36,45,46,49,3,6,2
1460,1,0,5,27,45,46,50,37,4,4,2
1461,3,0,7,19,50,47,44,47,5,4,2
1462,5,1,6,37,44,52,45,36,3,3,2
1463,2,1,6,37,41,43,46,43,3,10,2
1464,1,1,3,25,45,52,49,45,4,7,3
1465,2,1,6,14,48,42,48,38,6,8,2
1466,2,0,3,43,36,44,37,41,7,9,2
1467,1,0,5,30,42,51,42,46,2,6,2
1468,5,0,5,20,45,52,53,48,4,8,2
1469,2,0,6,34,34,37,51,43,2,6,2
1470,1,0,5,39,40,46,48,40,2,3,2
1471,6,1,5,20,39,42,57,45,2,1,0
1472,5,1,6,28,38,48,45,51,4,4,2
1473,1,1,3,34,43,45,36,43,3,5,3
1474,2,0,6,33,42,52,46,43,3,8,3
1475,4,1,3,46,35,40,35,47,9,5,2
1476,2,0,3,57,26,42,27,24,8,5,2
1477,2,1,4,32,37,45,40,43,3,4,2
1478,1,1,3,40,35,46,41,32,2,10,3
1479,1,1,3,27,49,56,43,38,9,2,3
1480,3,0,4,35,36,31,43,40,3,4,2
1481,2,0,3,49,42,51,49,43,3,8,2
1482,4,0,5,51,22,47,43,26,7,1,2
1483,4,0,7,27,40,47,44,47,4,9,2
1484,2,0,5,33,43,51,53,41,3,7,2
1485,3,1,4,41,32,43,44,33,7,4,2
1486,2,0,7,26,49,40,49,46,3,6,2
1487,1,1,3,25,47,54,32,37,6,5,3
1488,2,0,5,35,38,37,43,47,3,3,2
1489,1,1,5,43,40,45,36,46,8,6,3
1490,2,0,3,31,37,45,31,32,9,2,3
1491,2,0,7,49,35,42,33,49,7,1,2
1492,1,0,6,35,47,36,40,36,7,5,2
1493,1,1,3,50,36,41,40,30,8,7,3
1494,4,1,3,34,38,50,44,40,8,5,2
1495,1,1,3,55,33,43,41,29,8,8,2
1496,1,1,3,45,16,43,33,28,9,7,2
1497,1,1,3,28,33,46,39,39,3,8,2
1498,2,1,6,25,41,48,37,35,5,5,2
1499,4,0,1,42,39,43,40,34,5,6,2
1500,4,1,5,26,46,49,43,46,7,5,2
1501,2,1,7,32,43,46,39,42,6,5,2
1502,1,0,3,42,41,50,29,42,9,9,2
1503,1,1,5,40,26,52,42,38,5,6,3
1504,2,1,5,31,43,55,41,39,5,7,3
1505,1,0,5,31,40,44,44,38,8,5,3
1506,3,0,4,52,19,48,51,36,4,9,2
1507,4,0,7,36,50,53,47,54,4,6,3
1508,1,0,1,59,21,53,38,25,4,4,2
1509,1,0,5,46,35,52,31,39,5,10,3
1510,2,0,4,43,31,51,47,42,6,7,2
1511,2,1,3,45,24,45,40,35,2,4,0
1512,1,1,5,43,34,56,44,32,4,6,2
1513,1,1,1,56,35,48,39,41,2,4,3
1514,1,1,3,34,36,40,39,38,4,1,2
1515,2,1,2,48,22,48,41,27,5,6,2
1516,1,1,3,46,37,46,34,33,9,5,3
1517,1,1,2,28,52,56,36,39,9,2,2
1518,4,1,7,42,30,55,37,38,9,7,2
1519,1,1,4,36,28,57,37,43,5,10,3
1520,1,1,3,33,34,37,34,27,3,8,0
1521,1,1,3,49,38,45,42,32,5,9,2
1522,1,1,4,49,28,53,37,31,8,7,2
1523,2,1,4,35,19,54,52,45,2,1,2
1524,1,1,3,44,53,57,44,37,9,2,2
1525,1,1,2,51,23,54,46,31,6,10,1
1526,1,1,1,44,48,48,35,35,7,2,3
1527,1,1,2,41,48,54,40,38,9,7,2
1528,1,1,3,45,40,53,35,30,8,10,3
1529,1,0,5,20,52,50,33,43,8,2,3
1530,1,1,3,22,46,56,43,41,8,7,2
1531,1,1,1,25,33,53,51,38,7,5,2
1532,2,0,5,34,46,54,48,40,4,8,2
1533,1,1,3,46,27,50,42,22,7,9,2
1534,1,1,3,27,48,43,39,42,7,5,2
1535,2,1,2,36,42,39,45,37,3,7,3
1536,3,0,3,39,40,40,39,38,3,8,2
1537,1,0,3,31,45,48,55,53,2,9,2
1538,1,0,3,37,33,38,46,33,3,7,2
1539,1,0,3,36,51,42,40,55,7,2,2
1540,1,1,3,47,35,52,49,35,8,7,3
1541,1,0,3,42,39,57,52,43,7,4,3
1542,1,1,3,22,48,39,46,48,5,2,3
1543,2,1,3,44,18,48,34,26,7,7,3
1544,1,1,3,34,37,41,38,29,8,7,2
1545,1,1,3,44,45,52,47,36,5,8,2
1546,1,0,3,46,33,52,44,41,3,10,2
1547,1,1,2,33,26,48,39,33,6,10,2
1548,1,0,3,50,41,52,43,46,6,7,2
1549,2,1,5,25,36,34,45,50,2,4,2
1550,2,0,6,29,33,50,45,50,3,4,2
1551,2,0,4,31,40,38,45,42,5,6,3
1552,5,0,4,40,29,33,37,39,2,1,2
1553,4,0,3,34,33,37,39,45,4,8,3
1554,4,0,4,30,36,37,49,48,2,1,3
1555,1,1,3,35,22,40,31,39,8,9,3
1556,2,1,6,22,47,46,43,51,5,8,2
1557,1,0,6,39,45,39,45,44,4,10,3
1558,2,0,3,24,50,42,53,49,5,9,2
1559,5,0,5,20,50,49,48,52,5,6,2
1560,1,0,5,27,39,40,38,50,3,9,2
1561,2,0,6,43,41,41,37,49,2,4,2
1562,3,0,5,42,29,44,45,41,3,1,1
1563,4,0,1,38,38,37,39,40,4,6,1
1564,3,1,4,43,29,40,42,33,7,8,2
1565,3,0,5,35,51,26,38,56,2,2,3
1566,4,0,4,31,38,36,52,54,3,6,3
1567,3,0,4,44,45,48,51,44,2,3,2
1568,4,0,4,57,20,44,37,36,3,2,2
1569,3,1,6,22,45,54,54,42,5,9,2
1570,2,1,5,35,43,38,38,40,2,4,2
1571,2,0,6,26,48,43,42,42,7,4,2
1572,4,1,4,28,37,46,54,47,3,6,3
1573,1,0,3,30,38,40,47,46,3,2,2
1574,2,0,6,39,40,44,47,45,5,7,3
1575,4,0,4,46,42,51,53,38,7,4,2
1576,3,0,5,35,46,38,49,52,2,1,2
1577,3,0,3,33,41,33,40,45,2,6,2
1578,2,0,6,33,45,42,52,48,5,4,2
1579,4,0,5,26,39,38,40,46,2,4,2
1580,4,0,6,40,37,55,51,47,4,6,2
1581,3,0,1,31,41,43,51,46,2,6,3
1582,4,0,4,42,29,29,37,43,2,1,2
1583,3,0,6,33,39,37,46,51,4,4,2
1584,3,1,4,39,31,46,48,43,3,4,3
1585,3,0,6,43,54,47,54,43,5,7,2
1586,2,0,5,37,47,47,42,46,7,10,3
1587,3,0,5,36,39,52,41,46,5,4,2
1588,3,0,4,32,45,34,39,45,4,9,2
1589,3,1,1,24,53,42,39,43,4,9,3
1590,3,1,4,19,49,46,45,48,6,8,2
1591,3,0,5,44,35,40,52,49,4,10,2
1592,4,0,4,19,45,39,58,49,2,1,2
1593,4,0,5,28,52,43,50,45,7,2,2
1594,3,0,7,36,45,48,43,41,4,6,2
1595,2,0,5,33,47,43,42,45,3,4,2
1596,2,0,5,30,51,52,43,40,8,7,2
1597,5,0,3,35,44,47,46,45,4,2,2
1598,3,0,5,29,42,39,47,43,3,4,2
1599,2,0,6,28,48,33,44,47,3,4,2
1600,2,0,4,25,47,36,45,42,3,4,2
1601,2,0,4,29,46,38,42,46,5,9,2
1602,2,1,6,37,44,47,37,52,3,2,2
1603,5,0,6,39,43,53,41,36,6,7,3
1604,2,0,5,35,56,57,49,35,9,5,2
1605,4,1,1,32,52,46,48,50,2,4,2
1606,2,0,5,33,53,30,37,41,8,9,0
1607,3,0,4,22,49,49,46,46,3,3,2
1608,3,0,6,28,42,46,42,49,4,9,2
1609,2,1,3,33,32,59,37,37,8,7,2
1610,2,0,5,34,32,34,49,47,3,1,2
1611,4,0,5,38,44,39,48,38,2,1,2
1612,2,0,5,32,37,36,50,48,2,2,2
1613,3,0,5,37,48,39,46,42,4,9,2
1614,2,1,3,15,54,48,33,46,7,5,2
1615,3,0,7,25,43,54,50,57,4,8,2
1616,5,1,4,42,29,35,48,39,5,9,3
1617,2,1,6,41,40,51,47,40,7,2,2
1618,4,1,4,39,41,38,47,46,6,6,2
1619,2,1,3,39,38,53,41,35,7,2,2
1620,4,1,4,37,40,43,39,47,4,10,2
1621,2,1,5,49,38,39,41,40,5,6,3
1622,3,1,4,22,39,50,46,49,5,9,2
1623,3,1,5,41,34,37,47,35,5,3,2
1624,4,1,6,37,35,45,38,40,3,4,2
1625,3,1,3,28,43,46,44,43,4,8,2
1626,3,0,4,28,42,37,48,47,2,3,3
1627,2,0,4,23,44,36,47,46,2,3,2
1628,2,0,6,20,48,37,42,51,2,1,2
1629,2,0,6,42,40,46,48,42,2,6,2
1630,4,0,4,37,39,40,45,46,6,6,1
1631,3,0,5,34,43,52,36,34,5,10,3
1632,3,0,4,18,43,45,58,49,3,4,2
1633,3,1,4,51,41,43,43,53,8,2,3
1634,4,0,4,32,42,40,41,45,7,10,2
1635,1,0,2,36,30,37,43,42,2,1,2
1636,5,1,1,23,40,34,46,46,3,6,2
1637,4,0,4,36,44,34,36,42,3,3,2
1638,1,1,3,53,31,47,33,34,7,5,2
1639,4,0,1,38,36,41,45,45,3,6,2
1640,4,0,4,35,41,39,42,40,5,3,3
1641,3,0,4,39,44,42,47,43,6,8,3
1642,4,0,4,46,40,45,49,48,5,4,2
1643,2,0,6,21,43,36,41,49,2,4,2
1644,4,0,4,36,34,46,46,41,3,4,2
1645,2,0,6,29,39,41,48,44,4,9,2
1646,4,1,1,36,47,44,43,41,4,6,2
1647,3,1,4,36,33,47,49,46,2,2,3
1648,3,1,4,44,34,42,46,39,5,10,2
1649,2,0,6,29,43,45,48,51,4,6,2
1650,2,0,5,34,38,40,41,51,3,9,2
1651,2,0,5,36,50,54,51,46,8,10,2
1652,5,1,3,21,31,40,33,39,3,7,2
1653,1,1,5,38,31,48,40,33,5,3,2
1654,2,0,7,28,46,44,54,51,3,8,2
1655,5,1,1,39,38,41,32,45,4,3,2
1656,3,0,5,28,47,33,48,48,3,2,2
1657,1,0,5,52,31,41,39,43,2,10,2
1658,2,1,3,21,41,44,40,48,4,8,2
1659,1,1,4,34,45,59,46,42,8,5,2
1660,4,0,5,18,44,48,44,45,2,4,3
1661,3,0,4,51,41,58,34,31,9,2,2
1662,1,0,1,29,39,44,53,40,3,10,1
1663,2,1,4,29,47,46,46,41,7,7,2
1664,2,0,3,26,40,44,46,36,5,10,2
1665,2,0,7,36,43,49,48,41,9,5,2
1666,2,0,5,30,43,41,55,48,5,9,2
1667,1,1,3,36,46,56,39,43,9,5,2
1668,2,0,7,37,37,35,43,48,2,2,2
1669,3,1,4,42,32,40,37,45,5,10,2
1670,3,0,5,25,36,41,46,48,7,7,2
1671,4,1,5,42,34,33,36,43,3,4,3
1672,5,1,5,42,37,54,49,33,3,9,2
1673,2,0,5,30,41,42,48,33,4,8,2
1674,2,1,4,26,43,52,46,47,3,9,2
1675,4,1,4,31,41,36,41,55,3,3,2
1676,3,1,4,28,47,31,41,38,4,3,2
1677,2,0,5,56,24,39,50,37,2,4,2
1678,1,0,3,49,40,46,48,40,5,9,2
1679,4,0,4,33,45,34,51,49,3,2,2
1680,1,0,5,37,44,46,28,52,5,10,2
1681,1,0,5,35,48,41,46,45,3,6,2
1682,4,0,3,33,50,40,51,46,3,4,2
1683,4,1,4,31,43,38,38,41,4,7,2
1684,1,1,3,37,28,46,46,30,4,9,2
1685,2,1,5,41,23,49,48,44,4,2,2
1686,1,0,3,49,25,52,43,33,4,10,2
1687,3,0,4,26,44,43,47,46,4,9,3
1688,2,0,4,50,22,38,55,40,3,2,3
1689,2,0,6,37,46,56,46,40,6,8,3
1690,3,1,3,46,29,40,33,42,2,6,3
1691,2,1,3,54,27,47,52,35,5,6,2
1692,2,0,7,23,45,46,57,40,4,9,2
1693,2,0,5,43,38,44,46,39,2,9,2
1694,2,0,5,31,45,39,52,49,2,3,2
1695,4,1,6,27,38,46,41,39,8,9,3
1696,3,1,4,31,44,45,42,37,7,9,3
1697,1,1,3,37,27,43,45,39,3,6,2
1698,5,1,7,25,40,51,35,49,4,8,3
1699,4,0,5,42,36,51,42,45,6,4,2
1700,2,0,6,21,45,51,42,42,4,8,3
1701,1,1,3,49,33,58,31,27,9,10,2
1702,3,0,5,54,34,58,48,42,8,2,3
1703,2,0,4,30,43,32,45,48,3,4,2
1704,1,1,3,32,35,42,45,33,4,6,3
1705,1,1,2,40,41,46,37,35,6,8,2
1706,5,1,3,42,27,38,38,28,6,8,2
1707,1,1,5,27,42,36,39,53,4,8,2
1708,1,0,4,31,45,42,49,41,6,4,2
1709,3,0,5,31,46,40,45,49,5,9,2
1710,4,0,5,26,48,40,49,41,4,6,3
1711,3,0,2,28,34,51,37,44,3,9,2
1712,2,0,5,36,51,50,44,41,8,5,2
1713,3,0,6,28,44,40,36,44,3,9,2
1714,3,0,7,17,51,46,47,56,7,9,2
1715,4,0,1,35,38,34,51,51,2,3,2
1716,4,1,4,48,43,50,38,48,3,9,1
1717,4,1,6,34,45,42,38,35,4,6,2
1718,3,0,6,40,34,53,48,46,3,9,2
1719,4,1,4,25,42,43,37,43,4,6,2
1720,2,0,5,36,37,46,49,31,3,8,2
1721,2,0,5,40,47,38,57,50,2,2,0
1722,2,0,2,31,41,28,47,49,6,4,2
1723,4,1,5,35,47,51,49,53,8,7,3
1724,5,1,4,19,39,36,47,45,4,4,3
1725,4,0,4,24,41,42,45,46,2,4,2
1726,2,0,1,25,31,30,54,46,1,1,2
1727,2,0,6,37,42,50,38,38,1,4,2
1728,1,0,1,21,42,33,54,47,4,3,2
1729,4,1,6,28,33,43,40,39,4,6,3
1730,1,1,3,18,46,46,44,52,1,9,2
1731,2,0,3,42,30,41,43,36,4,7,3
1732,4,1,6,32,38,48,42,43,4,9,2
1733,2,1,4,40,34,40,35,50,5,3,2
1734,4,1,4,27,38,35,43,43,2,2,2
1735,4,0,4,26,45,42,49,51,5,8,2
1736,2,0,6,16,42,30,55,54,4,6,2
1737,3,1,4,23,46,48,51,44,3,7,2
1738,4,1,4,24,38,45,46,42,4,6,2
1739,5,0,1,34,41,41,49,46,3,6,2
1740,2,0,4,38,40,43,45,42,3,3,2
1741,4,0,5,27,42,42,42,49,2,1,3
1742,2,0,5,50,44,52,32,42,2,3,2
1743,3,1,5,22,45,53,39,38,6,7,2
1744,3,0,6,30,43,42,41,48,4,4,2
1745,5,0,3,31,33,36,46,42,3,6,2
1746,2,0,1,20,46,39,56,55,2,4,2
1747,3,0,6,33,36,42,44,43,4,3,0
1748,4,0,3,37,45,49,52,41,5,9,3
1749,1,1,5,49,35,60,60,36,7,2,2
1750,2,0,2,58,37,43,30,26,7,9,2
1751,4,1,1,33,43,40,39,45,4,9,2
1752,2,0,5,54,44,55,36,37,8,5,2
1753,2,1,5,29,46,41,55,49,6,6,2
1754,2,0,4,34,50,46,44,39,7,8,3
1755,1,1,3,26,41,49,27,30,7,2,2
1756,1,0,2,46,49,59,40,49,6,7,2
1757,1,1,2,43,40,55,47,29,6,10,2
1758,3,1,4,46,37,29,41,47,2,1,3
1759,4,1,6,27,37,47,38,49,9,10,2
1760,3,1,6,33,27,46,41,44,4,2,2
1761,4,0,4,30,42,47,34,48,5,9,2
1762,3,0,4,33,36,45,41,47,7,10,2
1763,1,1,3,41,32,46,28,31,3,7,2
1764,1,0,5,28,32,57,45,57,4,5,2
1765,3,1,1,45,38,47,45,35,7,5,2
1766,2,0,3,41,52,55,41,48,3,5,2
1767,2,0,5,44,31,54,58,44,3,6,2
1768,1,1,3,39,26,47,51,56,2,6,2
1769,2,0,3,45,33,54,43,37,4,4,2
1770,3,0,4,28,43,38,47,42,3,9,2
1771,2,1,5,31,46,46,46,42,7,2,2
1772,5,1,3,33,30,45,34,48,6,4,1
1773,1,1,2,32,48,53,43,38,6,5,2
1774,2,0,6,45,44,43,35,36,7,2,3
1775,1,0,2,44,37,49,46,34,3,10,0
1776,1,1,3,27,43,49,46,45,3,6,2
1777,1,0,5,44,32,55,45,49,7,2,2
1778,4,0,1,46,35,34,41,35,9,2,1
1779,1,0,5,35,42,46,26,47,7,7,2
1780,4,1,3,33,40,48,45,40,7,5,1
1781,1,0,5,49,35,31,34,34,5,10,2
1782,1,1,2,23,36,35,32,50,3,8,2
1783,2,0,2,32,43,51,46,50,7,10,2
1784,2,0,3,48,34,40,36,35,8,2,2
1785,1,1,3,46,32,43,42,32,5,10,2
1786,2,0,6,34,36,43,46,44,2,2,2
1787,1,1,3,29,59,57,43,36,6,5,3
1788,1,1,5,41,33,47,48,37,4,5,2
1789,4,0,5,32,32,45,39,46,3,6,3
1790,1,1,3,36,39,59,36,30,9,2,2
1791,1,1,2,37,42,49,35,39,9,8,2
1792,3,0,7,33,39,51,44,55,2,2,2
1793,1,1,5,42,29,57,39,57,5,5,3
1794,1,1,3,31,39,50,54,38,3,4,2
1795,1,0,3,44,27,60,44,36,9,5,0
1796,2,1,5,36,44,53,40,47,5,5,3
1797,3,0,1,43,36,31,38,27,4,6,1
1798,1,1,3,39,39,57,45,30,8,7,3
1799,1,1,5,50,29,46,29,36,7,7,2
1800,5,1,6,30,51,32,36,52,7,10,2
1801,4,1,3,56,31,46,26,20,4,5,1
1802,2,1,7,41,50,60,51,53,6,2,3
1803,1,1,6,28,43,55,50,43,8,10,2
1804,1,1,3,34,51,53,45,34,7,7,3
1805,1,1,4,40,39,55,51,37,6,8,2
1806,1,1,3,44,36,52,46,38,6,5,2
1807,3,0,4,36,34,40,42,33,6,3,2
1808,3,1,5,34,33,54,39,29,6,5,2
1809,1,0,6,40,34,42,44,39,2,2,2
1810,1,0,2,48,47,53,33,43,7,2,2
1811,1,1,5,30,31,53,35,48,6,2,3
1812,1,1,3,22,34,53,43,55,3,9,3
1813,2,0,2,49,39,49,34,32,7,2,2
1814,2,1,5,29,44,47,42,38,8,5,2
1815,3,0,5,45,35,59,40,51,5,5,1
1816,1,0,6,37,42,39,53,48,3,3,3
1817,4,1,5,20,40,47,38,41,6,10,2
1818,1,0,3,35,31,48,50,44,7,7,2
1819,2,0,5,37,44,50,39,41,9,7,2
1820,1,1,6,14,55,54,45,51,4,5,3
1821,1,1,3,51,25,55,39,21,9,9,1
1822,4,0,3,49,39,49,46,37,9,6,2
1823,1,1,3,28,42,57,36,36,4,10,2
1824,1,0,3,48,31,53,41,24,7,9,2
1825,2,1,5,31,29,42,41,39,6,10,3
1826,1,1,5,36,32,47,34,42,4,4,2
1827,1,0,5,38,38,52,51,42,7,8,2
1828,2,0,5,26,29,47,45,44,4,7,2
1829,2,0,6,32,47,49,26,41,7,5,2
1830,2,0,5,44,28,44,33,33,2,3,1
1831,2,0,5,37,22,48,36,35,3,6,3
1832,1,1,2,38,40,49,37,27,5,5,3
1833,1,1,5,14,52,52,45,55,3,8,2
1834,3,0,5,32,32,48,41,50,4,9,3
1835,2,1,3,29,44,43,40,44,7,10,3
1836,4,1,5,42,34,46,40,30,8,7,2
1837,3,0,4,54,26,52,45,28,7,3,1
1838,3,0,3,39,29,49,48,40,4,7,2
1839,3,0,4,35,34,46,47,44,2,1,3
1840,2,0,4,22,46,57,52,44,8,2,2
1841,5,0,5,40,44,49,52,41,7,6,1
1842,1,1,3,37,37,55,41,33,8,5,2
1843,2,1,5,47,39,54,29,48,6,6,2
1844,4,1,7,33,34,46,32,41,4,6,2
1845,1,1,3,30,43,58,51,45,5,7,3
1846,4,1,5,35,44,50,48,50,4,8,2
1847,1,1,3,24,48,52,50,49,7,10,2
1848,1,0,5,51,33,54,37,31,10,2,3
1849,1,0,3,42,33,49,47,49,9,5,2
1850,4,1,4,26,33,39,38,47,2,6,1
1851,2,0,5,55,30,57,48,34,5,3,2
1852,1,1,2,39,44,44,41,32,7,5,2
1853,2,1,4,40,46,45,40,47,5,9,3
1854,2,0,6,34,39,43,41,48,4,7,2
1855,3,1,1,31,31,43,46,41,4,4,2
1856,1,1,3,34,48,44,29,45,4,10,2
1857,1,1,3,22,41,58,41,42,7,10,2
1858,1,1,2,34,40,50,41,30,8,5,2
1859,3,1,4,25,47,50,43,43,3,10,2
1860,1,1,3,39,36,44,33,35,2,7,2
1861,1,1,3,52,42,56,42,28,10,10,3
1862,1,1,2,33,42,49,42,41,7,5,2
1863,3,1,3,32,40,51,45,43,4,7,3
1864,5,0,5,21,32,53,40,37,3,8,2
1865,2,0,5,32,40,54,42,45,7,10,2
1866,4,1,1,43,37,49,36,44,6,10,3
1867,1,0,3,42,44,60,36,48,7,5,2
1868,2,1,3,19,40,58,37,45,4,10,2
1869,1,0,4,36,40,59,39,25,7,5,2
1870,1,0,5,37,34,55,45,52,3,9,3
1871,1,0,3,47,37,48,38,41,9,9,3
1872,1,1,3,30,39,48,32,31,5,10,1
1873,1,1,3,34,47,55,41,42,5,7,2
1874,2,0,5,26,46,57,54,50,3,8,3
1875,1,1,2,46,37,55,36,43,3,10,3
1876,1,1,3,28,40,59,48,30,7,2,2
1877,1,1,2,43,31,50,39,39,6,10,2
1878,6,1,3,55,39,59,49,37,4,8,2
1879,1,1,3,35,27,50,38,41,8,5,2
1880,2,1,3,34,36,55,37,36,6,10,3
1881,1,1,2,50,26,42,31,46,4,5,3
1882,1,1,5,35,27,52,38,55,3,9,2
1883,1,1,3,28,42,48,41,40,7,7,2
1884,1,0,3,25,51,57,48,33,7,2,2
1885,1,1,3,33,51,50,48,30,7,7,2
1886,2,0,5,47,30,37,31,31,6,6,2
1887,1,0,3,45,26,48,32,22,8,5,2
1888,1,1,3,31,53,56,50,45,7,5,2
